id,pin.desc,pin.conditions.conditions.type,pin.conditions.conditions.arg,pin.conditions.conditions.arg,pin.events.events.type,pin.events.events.arg,pin.events.events.arg,pin.desc,pin.conditions.conditions.type,pin.conditions.conditions.arg,pin.conditions.conditions.arg,pin.conditions.conditions.type,pin.conditions.conditions.arg,pin.conditions.conditions.arg,pin.conditions.conditions.type,pin.conditions.conditions.arg,pin.conditions.conditions.arg,pin.conditions.conditions.type,pin.conditions.conditions.arg,pin.conditions.conditions.arg,pin.conditions.conditions.type,pin.conditions.conditions.arg,pin.conditions.conditions.arg,pin.conditions.conditions.type,pin.conditions.conditions.arg,pin.conditions.conditions.arg,pin.events.events.type,pin.events.events.arg,pin.events.events.arg,pin.desc,pin.conditions.conditions.type,pin.conditions.conditions.arg,pin.conditions.conditions.arg,pin.conditions.conditions.type,pin.conditions.conditions.arg,pin.conditions.conditions.arg,pin.conditions.conditions.type,pin.conditions.conditions.arg,pin.conditions.conditions.arg,pin.conditions.conditions.type,pin.conditions.conditions.arg,pin.conditions.conditions.arg,pin.events.events.type,pin.events.events.arg,pin.events.events.arg,pin.desc,pin.conditions.conditions.type,pin.conditions.conditions.arg,pin.conditions.conditions.arg,pin.conditions.conditions.type,pin.conditions.conditions.arg,pin.conditions.conditions.arg,pin.conditions.conditions.type,pin.conditions.conditions.arg,pin.conditions.conditions.arg,pin.conditions.conditions.type,pin.conditions.conditions.arg,pin.conditions.conditions.arg,pin.events.events.type,pin.events.events.arg,pin.events.events.arg,pin.desc,pin.conditions.conditions.type,pin.conditions.conditions.arg,pin.conditions.conditions.arg,pin.conditions.conditions.type,pin.conditions.conditions.arg,pin.conditions.conditions.arg,pin.conditions.conditions.type,pin.conditions.conditions.arg,pin.conditions.conditions.arg,pin.conditions.conditions.type,pin.conditions.conditions.arg,pin.conditions.conditions.arg,pin.conditions.conditions.type,pin.conditions.conditions.arg,pin.conditions.conditions.arg,pin.conditions.conditions.type,pin.conditions.conditions.arg,pin.conditions.conditions.arg,pin.events.events.type,pin.events.events.arg,pin.events.events.arg,pin.desc,pin.conditions.conditions.type,pin.conditions.conditions.arg,pin.conditions.conditions.arg,pin.conditions.conditions.type,pin.conditions.conditions.arg,pin.conditions.conditions.arg,pin.conditions.conditions.type,pin.conditions.conditions.arg,pin.conditions.conditions.arg,pin.conditions.conditions.type,pin.conditions.conditions.arg,pin.conditions.conditions.arg,pin.conditions.conditions.type,pin.conditions.conditions.arg,pin.conditions.conditions.arg,pin.events.events.type,pin.events.events.arg,pin.events.events.arg,pin.desc,pin.conditions.conditions.type,pin.conditions.conditions.arg,pin.conditions.conditions.arg,pin.conditions.conditions.type,pin.conditions.conditions.arg,pin.conditions.conditions.arg,pin.conditions.conditions.type,pin.conditions.conditions.arg,pin.conditions.conditions.arg,pin.conditions.conditions.type,pin.conditions.conditions.arg,pin.conditions.conditions.arg,pin.conditions.conditions.type,pin.conditions.conditions.arg,pin.conditions.conditions.arg,pin.events.events.type,pin.events.events.arg,pin.events.events.arg,pin.desc,pin.conditions.conditions.type,pin.conditions.conditions.arg,pin.conditions.conditions.arg,pin.conditions.conditions.type,pin.conditions.conditions.arg,pin.conditions.conditions.arg,pin.conditions.conditions.type,pin.conditions.conditions.arg,pin.conditions.conditions.arg,pin.conditions.conditions.type,pin.conditions.conditions.arg,pin.conditions.conditions.arg,pin.conditions.conditions.type,pin.conditions.conditions.arg,pin.conditions.conditions.arg,pin.conditions.conditions.type,pin.conditions.conditions.arg,pin.conditions.conditions.arg,pin.events.events.type,pin.events.events.arg,pin.events.events.arg,pin.desc,pin.conditions.conditions.type,pin.conditions.conditions.arg,pin.conditions.conditions.arg,pin.conditions.conditions.type,pin.conditions.conditions.arg,pin.conditions.conditions.arg,pin.conditions.conditions.type,pin.conditions.conditions.arg,pin.conditions.conditions.arg,pin.conditions.conditions.type,pin.conditions.conditions.arg,pin.conditions.conditions.arg,pin.events.events.type,pin.events.events.arg,pin.events.events.arg,pin.desc,pin.conditions.conditions.type,pin.conditions.conditions.arg,pin.conditions.conditions.arg,pin.conditions.conditions.type,pin.conditions.conditions.arg,pin.conditions.conditions.arg,pin.conditions.conditions.type,pin.conditions.conditions.arg,pin.conditions.conditions.arg,pin.conditions.conditions.type,pin.conditions.conditions.arg,pin.conditions.conditions.arg,pin.events.events.type,pin.events.events.arg,pin.events.events.arg,pin.desc,pin.conditions.conditions.type,pin.conditions.conditions.arg,pin.conditions.conditions.arg,pin.conditions.conditions.type,pin.conditions.conditions.arg,pin.conditions.conditions.arg,pin.conditions.conditions.type,pin.conditions.conditions.arg,pin.conditions.conditions.arg,pin.conditions.conditions.type,pin.conditions.conditions.arg,pin.conditions.conditions.arg,pin.conditions.conditions.type,pin.conditions.conditions.arg,pin.conditions.conditions.arg,pin.events.events.type,pin.events.events.arg,pin.events.events.arg,pin.desc,pin.conditions.conditions.type,pin.conditions.conditions.arg,pin.conditions.conditions.arg,pin.conditions.conditions.type,pin.conditions.conditions.arg,pin.conditions.conditions.arg,pin.conditions.conditions.type,pin.conditions.conditions.arg,pin.conditions.conditions.arg,pin.events.events.type,pin.events.events.arg,pin.events.events.arg,pin.desc,pin.conditions.conditions.type,pin.conditions.conditions.arg,pin.conditions.conditions.arg,pin.conditions.conditions.type,pin.conditions.conditions.arg,pin.conditions.conditions.arg,pin.conditions.conditions.type,pin.conditions.conditions.arg,pin.conditions.conditions.arg,pin.events.events.type,pin.events.events.arg,pin.events.events.arg,pin.desc,pin.conditions.conditions.type,pin.conditions.conditions.arg,pin.conditions.conditions.arg,pin.conditions.conditions.type,pin.conditions.conditions.arg,pin.conditions.conditions.arg,pin.conditions.conditions.type,pin.conditions.conditions.arg,pin.conditions.conditions.arg,pin.conditions.conditions.type,pin.conditions.conditions.arg,pin.conditions.conditions.arg,pin.events.events.type,pin.events.events.arg,pin.events.events.arg,pin.desc,pin.conditions.conditions.type,pin.conditions.conditions.arg,pin.conditions.conditions.arg,pin.conditions.conditions.type,pin.conditions.conditions.arg,pin.conditions.conditions.arg,pin.conditions.conditions.type,pin.conditions.conditions.arg,pin.conditions.conditions.arg,pin.conditions.conditions.type,pin.conditions.conditions.arg,pin.conditions.conditions.arg,pin.events.events.type,pin.events.events.arg,pin.events.events.arg,pin.desc,pin.conditions.conditions.type,pin.conditions.conditions.arg,pin.conditions.conditions.arg,pin.conditions.conditions.type,pin.conditions.conditions.arg,pin.conditions.conditions.arg,pin.conditions.conditions.type,pin.conditions.conditions.arg,pin.conditions.conditions.arg,pin.events.events.type,pin.events.events.arg,pin.events.events.arg,pin.desc,pin.conditions.conditions.type,pin.conditions.conditions.arg,pin.conditions.conditions.arg,pin.conditions.conditions.type,pin.conditions.conditions.arg,pin.conditions.conditions.arg,pin.events.events.type,pin.events.events.arg,pin.events.events.arg,pin.desc,pin.conditions.conditions.type,pin.conditions.conditions.arg,pin.conditions.conditions.arg,pin.conditions.conditions.type,pin.conditions.conditions.arg,pin.conditions.conditions.arg,pin.events.events.type,pin.events.events.arg,pin.events.events.arg
101,,FAIL,ACTOR_PIN_MAX,,,,,<color=#512820>有25%<color=#56c718>(50%)</c>的几率获得一次额外的行动机会</c>,ACTOR_LEVEL_GE,105,,COST_ITEM,50,2000,COST_ITEM,53,3,COST_ITEM,56,3,COST_ITEM,52,6,COST_ITEM,55,6,LEVELUP_ACTOR_SKILL,10306,,暴击率增加16%,ACTOR_LEVEL_GE,100,,COST_ITEM,50,1500,COST_ITEM,52,3,COST_ITEM,58,3,,,,攻击增加720,ACTOR_LEVEL_GE,95,,COST_ITEM,50,1200,COST_ITEM,52,3,COST_ITEM,55,3,,,,<color=#512820>释放回合:2→<color=#56c718>1</c>.</c>,ACTOR_LEVEL_GE,90,,COST_ITEM,50,1000,COST_ITEM,53,2,COST_ITEM,56,1,COST_ITEM,52,3,COST_ITEM,55,3,LEVELUP_ACTOR_SKILL,103021,,命中率增加8%,ACTOR_LEVEL_GE,85,,COST_ITEM,50,900,COST_ITEM,52,3,COST_ITEM,51,6,COST_ITEM,57,6,,,,攻击增加480,ACTOR_LEVEL_GE,80,,COST_ITEM,50,800,COST_ITEM,52,3,COST_ITEM,51,6,COST_ITEM,54,6,,,,<color=#512820>获得额外效果:目标受到的治疗效果下降40%，持续两回合.</c>,ACTOR_LEVEL_GE,75,,COST_ITEM,50,700,COST_ITEM,53,1,COST_ITEM,52,3,COST_ITEM,51,6,COST_ITEM,54,6,LEVELUP_ACTOR_SKILL,10301,,暴击率增加12%,ACTOR_LEVEL_GE,70,,COST_ITEM,50,600,COST_ITEM,51,6,COST_ITEM,57,3,,,,生命增加4800,ACTOR_LEVEL_GE,65,,COST_ITEM,50,500,COST_ITEM,51,6,COST_ITEM,54,3,,,,<color=#512820>初始释放回合:2→<color=#56c718>0</c>.</c>,ACTOR_LEVEL_GE,60,,COST_ITEM,50,450,COST_ITEM,52,1,COST_ITEM,55,1,COST_ITEM,51,6,LEVELUP_ACTOR_SKILL,10302,,闪避率增加6%,ACTOR_LEVEL_GE,55,,COST_ITEM,50,400,COST_ITEM,54,3,,,,双防增加240,ACTOR_LEVEL_GE,50,,COST_ITEM,50,350,COST_ITEM,51,3,,,,<color=#512820>开启技能:剑气箫心</c>,ACTOR_LEVEL_GE,45,,COST_ITEM,50,300,COST_ITEM,52,1,COST_ITEM,51,3,ACTOR_UNLOCK_SKILL,10306,,增伤增加3.3%,ACTOR_LEVEL_GE,40,,COST_ITEM,50,250,COST_ITEM,51,1,COST_ITEM,54,1,,,,攻击增加240,ACTOR_LEVEL_GE,35,,COST_ITEM,50,200,COST_ITEM,51,1,,,,<color=#512820>获得额外效果:本次暴击率提高20%.</c>,ACTOR_LEVEL_GE,30,,COST_ITEM,50,150,LEVELUP_ACTOR_SKILL,10308,,命中率增加4%,ACTOR_LEVEL_GE,1,,COST_ITEM,50,100,,,
102,,FAIL,ACTOR_PIN_MAX,,,,,<color=#512820>最多叠加1<color=#56c718>(3)</c>层</c>,ACTOR_LEVEL_GE,105,,COST_ITEM,50,2000,COST_ITEM,53,3,COST_ITEM,59,3,COST_ITEM,52,6,COST_ITEM,58,6,LEVELUP_ACTOR_SKILL,10105,,增伤增加6.7%,ACTOR_LEVEL_GE,100,,COST_ITEM,50,1500,COST_ITEM,52,3,COST_ITEM,55,3,,,,生命增加7200,ACTOR_LEVEL_GE,95,,COST_ITEM,50,1200,COST_ITEM,52,3,COST_ITEM,58,3,,,,<color=#512820>释放回合:3→<color=#56c718>2</c>.</c>,ACTOR_LEVEL_GE,90,,COST_ITEM,50,1000,COST_ITEM,53,2,COST_ITEM,59,1,COST_ITEM,52,3,COST_ITEM,58,3,LEVELUP_ACTOR_SKILL,101022,,免伤增加6.7%,ACTOR_LEVEL_GE,85,,COST_ITEM,50,900,COST_ITEM,52,3,COST_ITEM,51,6,COST_ITEM,54,6,,,,双防增加480,ACTOR_LEVEL_GE,80,,COST_ITEM,50,800,COST_ITEM,52,3,COST_ITEM,51,6,COST_ITEM,57,6,,,,<color=#512820>获得额外效果:攻击对方末位角色造成110%的物理伤害.</c>,ACTOR_LEVEL_GE,75,,COST_ITEM,50,700,COST_ITEM,53,1,COST_ITEM,52,3,COST_ITEM,51,6,COST_ITEM,57,6,LEVELUP_ACTOR_SKILL,10101,,暴击率增加12%,ACTOR_LEVEL_GE,70,,COST_ITEM,50,600,COST_ITEM,51,6,COST_ITEM,54,3,,,,攻击增加480,ACTOR_LEVEL_GE,65,,COST_ITEM,50,500,COST_ITEM,51,6,COST_ITEM,57,3,,,,<color=#512820>初始释放回合:3→<color=#56c718>0</c>.</c>,ACTOR_LEVEL_GE,60,,COST_ITEM,50,450,COST_ITEM,52,1,COST_ITEM,58,1,COST_ITEM,51,6,LEVELUP_ACTOR_SKILL,101021,,暴击伤害增加30%,ACTOR_LEVEL_GE,55,,COST_ITEM,50,400,COST_ITEM,57,3,,,,生命增加2400,ACTOR_LEVEL_GE,50,,COST_ITEM,50,350,COST_ITEM,51,3,,,,<color=#512820>开启技能:鹰眼</c>,ACTOR_LEVEL_GE,45,,COST_ITEM,50,300,COST_ITEM,52,1,COST_ITEM,51,3,ACTOR_UNLOCK_SKILL,10105,,暴击率增加8%,ACTOR_LEVEL_GE,40,,COST_ITEM,50,250,COST_ITEM,51,1,COST_ITEM,57,1,,,,物防增加480,ACTOR_LEVEL_GE,35,,COST_ITEM,50,200,COST_ITEM,51,1,,,,<color=#512820>并且15%<color=#56c718>(30%)</c>几率附带灼烧效果</c>,ACTOR_LEVEL_GE,30,,COST_ITEM,50,150,LEVELUP_ACTOR_SKILL,10102,,命中率增加4%,ACTOR_LEVEL_GE,1,,COST_ITEM,50,100,,,
103,,FAIL,ACTOR_PIN_MAX,,,,,<color=#512820>受到的伤害降低6<color=#85FF18>(12)</c>%</c>,ACTOR_LEVEL_GE,105,,COST_ITEM,50,2000,COST_ITEM,56,3,COST_ITEM,53,3,COST_ITEM,55,6,COST_ITEM,52,6,LEVELUP_ACTOR_SKILL,10704,,治疗增加7.5%,ACTOR_LEVEL_GE,100,,COST_ITEM,50,1500,COST_ITEM,55,3,COST_ITEM,58,3,,,,生命增加10000,ACTOR_LEVEL_GE,95,,COST_ITEM,50,1200,COST_ITEM,55,3,COST_ITEM,52,3,,,,<color=#512820>释放回合:2→<color=#85FF18>1</c>.</c>,ACTOR_LEVEL_GE,90,,COST_ITEM,50,1000,COST_ITEM,56,2,COST_ITEM,53,1,COST_ITEM,55,3,COST_ITEM,52,3,LEVELUP_ACTOR_SKILL,107061,,增伤增加6.7%,ACTOR_LEVEL_GE,85,,COST_ITEM,50,900,COST_ITEM,55,3,COST_ITEM,54,6,COST_ITEM,57,6,,,,生命增加4800,ACTOR_LEVEL_GE,80,,COST_ITEM,50,800,COST_ITEM,55,3,COST_ITEM,54,6,COST_ITEM,51,6,,,,<color=#512820>获得额外效果:攻击对方前方单体目标造成88%的法术伤害，附加双方生命值差额值10%的真实伤害，并恢复该真实伤害双倍生命.</c>,ACTOR_LEVEL_GE,75,,COST_ITEM,50,700,COST_ITEM,56,1,COST_ITEM,55,3,COST_ITEM,54,6,COST_ITEM,51,6,LEVELUP_ACTOR_SKILL,10701,,抗暴率增加12%,ACTOR_LEVEL_GE,70,,COST_ITEM,50,600,COST_ITEM,54,6,COST_ITEM,57,3,,,,生命增加4800,ACTOR_LEVEL_GE,65,,COST_ITEM,50,500,COST_ITEM,54,6,COST_ITEM,51,3,,,,<color=#512820>初始释放回合:2→<color=#85FF18>0</c>.</c>,ACTOR_LEVEL_GE,60,,COST_ITEM,50,450,COST_ITEM,55,1,COST_ITEM,52,1,COST_ITEM,54,6,LEVELUP_ACTOR_SKILL,10706,,免伤增加5%,ACTOR_LEVEL_GE,55,,COST_ITEM,50,400,COST_ITEM,51,3,,,,生命增加2400,ACTOR_LEVEL_GE,50,,COST_ITEM,50,350,COST_ITEM,54,3,,,,<color=#512820>开启技能:凝血</c>,ACTOR_LEVEL_GE,45,,COST_ITEM,50,300,COST_ITEM,55,1,COST_ITEM,54,3,ACTOR_UNLOCK_SKILL,10704,,命中率增加4%,ACTOR_LEVEL_GE,40,,COST_ITEM,50,250,COST_ITEM,54,1,COST_ITEM,51,1,,,,生命增加2400,ACTOR_LEVEL_GE,35,,COST_ITEM,50,200,COST_ITEM,54,1,,,,<color=#512820>获得额外效果:恢复造成伤害24%的生命.</c>,ACTOR_LEVEL_GE,30,,COST_ITEM,50,150,LEVELUP_ACTOR_SKILL,10702,,免伤增加3.3%,ACTOR_LEVEL_GE,1,,COST_ITEM,50,100,,,
104,,FAIL,ACTOR_PIN_MAX,,,,,<color=#512820>场上每个中毒的敌方目标会使自身伤害提高6%<color=#56c718>(12%)</c></c>,ACTOR_LEVEL_GE,105,,COST_ITEM,50,2000,COST_ITEM,56,3,COST_ITEM,59,3,COST_ITEM,55,6,COST_ITEM,58,6,LEVELUP_ACTOR_SKILL,10406,,暴击伤害增加40%,ACTOR_LEVEL_GE,100,,COST_ITEM,50,1500,COST_ITEM,55,3,COST_ITEM,52,3,,,,攻击增加720,ACTOR_LEVEL_GE,95,,COST_ITEM,50,1200,COST_ITEM,55,3,COST_ITEM,58,3,,,,<color=#512820>释放回合:2→<color=#56c718>1</c>.</c>,ACTOR_LEVEL_GE,90,,COST_ITEM,50,1000,COST_ITEM,56,2,COST_ITEM,59,1,COST_ITEM,55,3,COST_ITEM,58,3,LEVELUP_ACTOR_SKILL,104031,,命中率增加8%,ACTOR_LEVEL_GE,85,,COST_ITEM,50,900,COST_ITEM,55,3,COST_ITEM,54,6,COST_ITEM,51,6,,,,攻击增加480,ACTOR_LEVEL_GE,80,,COST_ITEM,50,800,COST_ITEM,55,3,COST_ITEM,54,6,COST_ITEM,57,6,,,,<color=#512820>获得额外效果:25%几率使其中毒，造成中毒伤害持续3回合.</c>,ACTOR_LEVEL_GE,75,,COST_ITEM,50,700,COST_ITEM,56,1,COST_ITEM,55,3,COST_ITEM,54,6,COST_ITEM,57,6,LEVELUP_ACTOR_SKILL,10401,,闪避率增加6%,ACTOR_LEVEL_GE,70,,COST_ITEM,50,600,COST_ITEM,54,6,COST_ITEM,51,3,,,,生命增加4800,ACTOR_LEVEL_GE,65,,COST_ITEM,50,500,COST_ITEM,54,6,COST_ITEM,57,3,,,,<color=#512820>初始释放回合:2→<color=#56c718>0</c>.</c>,ACTOR_LEVEL_GE,60,,COST_ITEM,50,450,COST_ITEM,55,1,COST_ITEM,58,1,COST_ITEM,54,6,LEVELUP_ACTOR_SKILL,10403,,暴击伤害增加30%,ACTOR_LEVEL_GE,55,,COST_ITEM,50,400,COST_ITEM,57,3,,,,法防增加480,ACTOR_LEVEL_GE,50,,COST_ITEM,50,350,COST_ITEM,54,3,,,,<color=#512820>开启技能:流毒</c>,ACTOR_LEVEL_GE,45,,COST_ITEM,50,300,COST_ITEM,55,1,COST_ITEM,54,3,ACTOR_UNLOCK_SKILL,10406,,命中率增加4%,ACTOR_LEVEL_GE,40,,COST_ITEM,50,250,COST_ITEM,54,1,COST_ITEM,57,1,,,,法防增加480,ACTOR_LEVEL_GE,35,,COST_ITEM,50,200,COST_ITEM,54,1,,,,<color=#512820>获得额外效果:并且使目标15%几率中毒.</c>,ACTOR_LEVEL_GE,30,,COST_ITEM,50,150,LEVELUP_ACTOR_SKILL,10407,,命中率增加4%,ACTOR_LEVEL_GE,1,,COST_ITEM,50,100,,,
105,,FAIL,ACTOR_PIN_MAX,,,,,<color=#512820>对每个角色有10%<color=#56c718>(20%)</c>的几率被施加冰冻效果</c>,ACTOR_LEVEL_GE,105,,COST_ITEM,50,2000,COST_ITEM,59,3,COST_ITEM,53,3,COST_ITEM,58,6,COST_ITEM,52,6,LEVELUP_ACTOR_SKILL,10607,,命中率增加8%,ACTOR_LEVEL_GE,100,,COST_ITEM,50,1500,COST_ITEM,58,3,COST_ITEM,55,3,,,,法防增加1440,ACTOR_LEVEL_GE,95,,COST_ITEM,50,1200,COST_ITEM,58,3,COST_ITEM,52,3,,,,<color=#512820>释放回合:2→<color=#56c718>1</c>.</c>,ACTOR_LEVEL_GE,90,,COST_ITEM,50,1000,COST_ITEM,59,2,COST_ITEM,53,1,COST_ITEM,58,3,COST_ITEM,52,3,LEVELUP_ACTOR_SKILL,106041,,暴击伤害增加40%,ACTOR_LEVEL_GE,85,,COST_ITEM,50,900,COST_ITEM,58,3,COST_ITEM,57,6,COST_ITEM,54,6,,,,攻击增加480,ACTOR_LEVEL_GE,80,,COST_ITEM,50,800,COST_ITEM,58,3,COST_ITEM,57,6,COST_ITEM,51,6,,,,<color=#512820>获得额外效果:使目标伤害降低10%，持续1回合.</c>,ACTOR_LEVEL_GE,75,,COST_ITEM,50,700,COST_ITEM,59,1,COST_ITEM,58,3,COST_ITEM,57,6,COST_ITEM,51,6,LEVELUP_ACTOR_SKILL,10601,,闪避率增加6%,ACTOR_LEVEL_GE,70,,COST_ITEM,50,600,COST_ITEM,57,6,COST_ITEM,54,3,,,,法防增加960,ACTOR_LEVEL_GE,65,,COST_ITEM,50,500,COST_ITEM,57,6,COST_ITEM,51,3,,,,<color=#512820>初始释放回合:2→<color=#56c718>0</c>.</c>,ACTOR_LEVEL_GE,60,,COST_ITEM,50,450,COST_ITEM,58,1,COST_ITEM,52,1,COST_ITEM,57,6,LEVELUP_ACTOR_SKILL,10604,,免伤增加5%,ACTOR_LEVEL_GE,55,,COST_ITEM,50,400,COST_ITEM,51,3,,,,双防增加240,ACTOR_LEVEL_GE,50,,COST_ITEM,50,350,COST_ITEM,57,3,,,,<color=#512820>开启技能:汉宫秋月</c>,ACTOR_LEVEL_GE,45,,COST_ITEM,50,300,COST_ITEM,58,1,COST_ITEM,57,3,ACTOR_UNLOCK_SKILL,10607,,命中率增加4%,ACTOR_LEVEL_GE,40,,COST_ITEM,50,250,COST_ITEM,57,1,COST_ITEM,51,1,,,,物防增加480,ACTOR_LEVEL_GE,35,,COST_ITEM,50,200,COST_ITEM,57,1,,,,<color=#512820>获得额外效果:如果目标受到冰冻效果，则改为100%几率眩晕.</c>,ACTOR_LEVEL_GE,30,,COST_ITEM,50,150,LEVELUP_ACTOR_SKILL,10606,,命中率增加4%,ACTOR_LEVEL_GE,1,,COST_ITEM,50,100,,,
106,,FAIL,ACTOR_PIN_MAX,,,,,<color=#512820>获得额外效果:第3，6，9回合开始时复活一个己方死亡目标，复活血量为6%.</c>,ACTOR_LEVEL_GE,105,,COST_ITEM,50,2000,COST_ITEM,59,3,COST_ITEM,56,3,COST_ITEM,58,6,COST_ITEM,55,6,LEVELUP_ACTOR_SKILL,10906,,治疗增加6.7%,ACTOR_LEVEL_GE,100,,COST_ITEM,50,1500,COST_ITEM,58,3,COST_ITEM,52,3,,,,生命增加7200,ACTOR_LEVEL_GE,95,,COST_ITEM,50,1200,COST_ITEM,58,3,COST_ITEM,55,3,,,,<color=#512820>释放回合:3→<color=#56c718>2</c>.</c>,ACTOR_LEVEL_GE,90,,COST_ITEM,50,1000,COST_ITEM,59,2,COST_ITEM,56,1,COST_ITEM,58,3,COST_ITEM,55,3,LEVELUP_ACTOR_SKILL,109022,,抗暴率增加16%,ACTOR_LEVEL_GE,85,,COST_ITEM,50,900,COST_ITEM,58,3,COST_ITEM,57,6,COST_ITEM,51,6,,,,双防增加480,ACTOR_LEVEL_GE,80,,COST_ITEM,50,800,COST_ITEM,58,3,COST_ITEM,57,6,COST_ITEM,54,6,,,,<color=#512820>获得额外效果:并且使目标受到的伤害降低10%.</c>,ACTOR_LEVEL_GE,75,,COST_ITEM,50,700,COST_ITEM,59,1,COST_ITEM,58,3,COST_ITEM,57,6,COST_ITEM,54,6,LEVELUP_ACTOR_SKILL,10901,,治疗增加5%,ACTOR_LEVEL_GE,70,,COST_ITEM,50,600,COST_ITEM,57,6,COST_ITEM,51,3,,,,生命增加4800,ACTOR_LEVEL_GE,65,,COST_ITEM,50,500,COST_ITEM,57,6,COST_ITEM,54,3,,,,<color=#512820>初始释放回合:2→<color=#56c718>1</c>.</c>,ACTOR_LEVEL_GE,60,,COST_ITEM,50,450,COST_ITEM,58,1,COST_ITEM,55,1,COST_ITEM,57,6,LEVELUP_ACTOR_SKILL,109021,,抗暴率增加12%,ACTOR_LEVEL_GE,55,,COST_ITEM,50,400,COST_ITEM,54,3,,,,双防增加240,ACTOR_LEVEL_GE,50,,COST_ITEM,50,350,COST_ITEM,57,3,,,,<color=#512820>开启技能:蝶衣</c>,ACTOR_LEVEL_GE,45,,COST_ITEM,50,300,COST_ITEM,58,1,COST_ITEM,57,3,ACTOR_UNLOCK_SKILL,10906,,闪避率增加4%,ACTOR_LEVEL_GE,40,,COST_ITEM,50,250,COST_ITEM,57,1,COST_ITEM,54,1,,,,生命增加2400,ACTOR_LEVEL_GE,35,,COST_ITEM,50,200,COST_ITEM,57,1,,,,<color=#512820>初始释放回合:3→<color=#56c718>2</c>.</c>,ACTOR_LEVEL_GE,30,,COST_ITEM,50,150,LEVELUP_ACTOR_SKILL,10902,,治疗增加3.3%,ACTOR_LEVEL_GE,1,,COST_ITEM,50,100,,,
107,,FAIL,ACTOR_PIN_MAX,,,,,<color=#512820>造成击杀后伤害提升20%<color=#56c718>(35%)</c></c>,ACTOR_LEVEL_GE,105,,COST_ITEM,50,2000,COST_ITEM,53,3,COST_ITEM,56,3,COST_ITEM,52,6,COST_ITEM,55,6,LEVELUP_ACTOR_SKILL,10506,,增伤增加6.7%,ACTOR_LEVEL_GE,100,,COST_ITEM,50,1500,COST_ITEM,52,3,COST_ITEM,61,3,,,,双防增加720,ACTOR_LEVEL_GE,95,,COST_ITEM,50,1200,COST_ITEM,52,3,COST_ITEM,55,3,,,,<color=#512820>对3个血量最低的角色造成110%<color=#56c718>(135%)</c>伤害</c>,ACTOR_LEVEL_GE,90,,COST_ITEM,50,1000,COST_ITEM,53,2,COST_ITEM,56,1,COST_ITEM,52,3,COST_ITEM,55,3,LEVELUP_ACTOR_SKILL,105022,,暴击伤害增加40%,ACTOR_LEVEL_GE,85,,COST_ITEM,50,900,COST_ITEM,52,3,COST_ITEM,51,6,COST_ITEM,60,6,,,,生命增加4800,ACTOR_LEVEL_GE,80,,COST_ITEM,50,800,COST_ITEM,52,3,COST_ITEM,51,6,COST_ITEM,54,6,,,,<color=#512820>获得额外效果:自动攻击血量最少的角色造成100%伤害.</c>,ACTOR_LEVEL_GE,75,,COST_ITEM,50,700,COST_ITEM,53,1,COST_ITEM,52,3,COST_ITEM,51,6,COST_ITEM,54,6,LEVELUP_ACTOR_SKILL,10501,,命中率增加6%,ACTOR_LEVEL_GE,70,,COST_ITEM,50,600,COST_ITEM,51,6,COST_ITEM,60,3,,,,攻击增加480,ACTOR_LEVEL_GE,65,,COST_ITEM,50,500,COST_ITEM,51,6,COST_ITEM,54,3,,,,<color=#512820>初始释放回合:2→<color=#56c718>0</c>.</c>,ACTOR_LEVEL_GE,60,,COST_ITEM,50,450,COST_ITEM,52,1,COST_ITEM,55,1,COST_ITEM,51,6,LEVELUP_ACTOR_SKILL,105021,,命中率增加6%,ACTOR_LEVEL_GE,55,,COST_ITEM,50,400,COST_ITEM,54,3,,,,物防增加480,ACTOR_LEVEL_GE,50,,COST_ITEM,50,350,COST_ITEM,51,3,,,,<color=#512820>开启技能:昙华</c>,ACTOR_LEVEL_GE,45,,COST_ITEM,50,300,COST_ITEM,52,1,COST_ITEM,51,3,ACTOR_UNLOCK_SKILL,10506,,免伤增加3.3%,ACTOR_LEVEL_GE,40,,COST_ITEM,50,250,COST_ITEM,51,1,COST_ITEM,54,1,,,,攻击增加240,ACTOR_LEVEL_GE,35,,COST_ITEM,50,200,COST_ITEM,51,1,,,,<color=#512820>对2<color=#56c718>(3)</c>个血量最低的角色造成110%伤害</c>,ACTOR_LEVEL_GE,30,,COST_ITEM,50,150,LEVELUP_ACTOR_SKILL,10502,,暴击伤害增加20%,ACTOR_LEVEL_GE,1,,COST_ITEM,50,100,,,
108,,FAIL,ACTOR_PIN_MAX,,,,,<color=#512820>则本回合暴击提高5%<color=#56c718>(13%)</c></c>,ACTOR_LEVEL_GE,105,,COST_ITEM,50,2000,COST_ITEM,53,3,COST_ITEM,62,3,COST_ITEM,52,6,COST_ITEM,61,6,LEVELUP_ACTOR_SKILL,10204,,命中率增加8%,ACTOR_LEVEL_GE,100,,COST_ITEM,50,1500,COST_ITEM,52,3,COST_ITEM,55,3,,,,攻击增加720,ACTOR_LEVEL_GE,95,,COST_ITEM,50,1200,COST_ITEM,52,3,COST_ITEM,61,3,,,,<color=#512820>初始释放回合:2→<color=#56c718>0</c>.</c>,ACTOR_LEVEL_GE,90,,COST_ITEM,50,1000,COST_ITEM,53,2,COST_ITEM,62,1,COST_ITEM,52,3,COST_ITEM,61,3,LEVELUP_ACTOR_SKILL,102021,,闪避率增加8%,ACTOR_LEVEL_GE,85,,COST_ITEM,50,900,COST_ITEM,52,3,COST_ITEM,51,6,COST_ITEM,54,6,,,,生命增加4800,ACTOR_LEVEL_GE,80,,COST_ITEM,50,800,COST_ITEM,52,3,COST_ITEM,51,6,COST_ITEM,60,6,,,,<color=#512820>获得额外效果:并且20%附加灼烧效果.</c>,ACTOR_LEVEL_GE,75,,COST_ITEM,50,700,COST_ITEM,53,1,COST_ITEM,52,3,COST_ITEM,51,6,COST_ITEM,60,6,LEVELUP_ACTOR_SKILL,10205,,抗暴率增加12%,ACTOR_LEVEL_GE,70,,COST_ITEM,50,600,COST_ITEM,51,6,COST_ITEM,54,3,,,,双防增加480,ACTOR_LEVEL_GE,65,,COST_ITEM,50,500,COST_ITEM,51,6,COST_ITEM,60,3,,,,<color=#512820>释放回合:3→<color=#56c718>2</c>.</c>,ACTOR_LEVEL_GE,60,,COST_ITEM,50,450,COST_ITEM,52,1,COST_ITEM,61,1,COST_ITEM,51,6,LEVELUP_ACTOR_SKILL,10202,,免伤增加5%,ACTOR_LEVEL_GE,55,,COST_ITEM,50,400,COST_ITEM,60,3,,,,生命增加2400,ACTOR_LEVEL_GE,50,,COST_ITEM,50,350,COST_ITEM,51,3,,,,<color=#512820>开启技能:景星之凰</c>,ACTOR_LEVEL_GE,45,,COST_ITEM,50,300,COST_ITEM,52,1,COST_ITEM,51,3,ACTOR_UNLOCK_SKILL,10204,,暴击率增加8%,ACTOR_LEVEL_GE,40,,COST_ITEM,50,250,COST_ITEM,51,1,COST_ITEM,60,1,,,,攻击增加240,ACTOR_LEVEL_GE,35,,COST_ITEM,50,200,COST_ITEM,51,1,,,,<color=#512820>初始释放回合:3→<color=#56c718>2</c>.</c>,ACTOR_LEVEL_GE,30,,COST_ITEM,50,150,LEVELUP_ACTOR_SKILL,10206,,暴击伤害增加20%,ACTOR_LEVEL_GE,1,,COST_ITEM,50,100,,,
109,,FAIL,ACTOR_PIN_MAX,,,,,<color=#512820>双防降低-12%<color=#56c718>(-20%)</c></c>,ACTOR_LEVEL_GE,105,,COST_ITEM,50,2000,COST_ITEM,56,3,COST_ITEM,53,3,COST_ITEM,55,6,COST_ITEM,52,6,LEVELUP_ACTOR_SKILL,13003,,暴击伤害增加40%,ACTOR_LEVEL_GE,100,,COST_ITEM,50,1500,COST_ITEM,55,3,COST_ITEM,61,3,,,,攻击增加720,ACTOR_LEVEL_GE,95,,COST_ITEM,50,1200,COST_ITEM,55,3,COST_ITEM,52,3,,,,<color=#512820>释放回合:2→<color=#56c718>1</c>.</c>,ACTOR_LEVEL_GE,90,,COST_ITEM,50,1000,COST_ITEM,56,2,COST_ITEM,53,1,COST_ITEM,55,3,COST_ITEM,52,3,LEVELUP_ACTOR_SKILL,130021,,免伤增加6.7%,ACTOR_LEVEL_GE,85,,COST_ITEM,50,900,COST_ITEM,55,3,COST_ITEM,54,6,COST_ITEM,60,6,,,,双防增加480,ACTOR_LEVEL_GE,80,,COST_ITEM,50,800,COST_ITEM,55,3,COST_ITEM,54,6,COST_ITEM,51,6,,,,<color=#512820>获得额外效果:有20%几率使目标受到冰冻效果.</c>,ACTOR_LEVEL_GE,75,,COST_ITEM,50,700,COST_ITEM,56,1,COST_ITEM,55,3,COST_ITEM,54,6,COST_ITEM,51,6,LEVELUP_ACTOR_SKILL,13001,,暴击率增加12%,ACTOR_LEVEL_GE,70,,COST_ITEM,50,600,COST_ITEM,54,6,COST_ITEM,60,3,,,,生命增加4800,ACTOR_LEVEL_GE,65,,COST_ITEM,50,500,COST_ITEM,54,6,COST_ITEM,51,3,,,,<color=#512820>初始释放回合:2→<color=#56c718>0</c>.</c>,ACTOR_LEVEL_GE,60,,COST_ITEM,50,450,COST_ITEM,55,1,COST_ITEM,52,1,COST_ITEM,54,6,LEVELUP_ACTOR_SKILL,13002,,增伤增加5%,ACTOR_LEVEL_GE,55,,COST_ITEM,50,400,COST_ITEM,51,3,,,,物防增加480,ACTOR_LEVEL_GE,50,,COST_ITEM,50,350,COST_ITEM,54,3,,,,<color=#512820>开启技能:冰心</c>,ACTOR_LEVEL_GE,45,,COST_ITEM,50,300,COST_ITEM,55,1,COST_ITEM,54,3,ACTOR_UNLOCK_SKILL,13003,,增伤增加3.3%,ACTOR_LEVEL_GE,40,,COST_ITEM,50,250,COST_ITEM,54,1,COST_ITEM,51,1,,,,生命增加2400,ACTOR_LEVEL_GE,35,,COST_ITEM,50,200,COST_ITEM,54,1,,,,<color=#512820>获得额外效果:并且20%几率造成冰冻效果.</c>,ACTOR_LEVEL_GE,30,,COST_ITEM,50,150,LEVELUP_ACTOR_SKILL,13006,,增伤增加3.3%,ACTOR_LEVEL_GE,1,,COST_ITEM,50,100,,,
110,,FAIL,ACTOR_PIN_MAX,,,,,<color=#512820>每次受到攻击会使自身造成的伤害提高2.5%<color=#56c718>(3.5%)</c></c>,ACTOR_LEVEL_GE,105,,COST_ITEM,50,2000,COST_ITEM,56,3,COST_ITEM,62,3,COST_ITEM,55,6,COST_ITEM,61,6,LEVELUP_ACTOR_SKILL,10805,,免伤增加6.7%,ACTOR_LEVEL_GE,100,,COST_ITEM,50,1500,COST_ITEM,55,3,COST_ITEM,52,3,,,,生命增加7200,ACTOR_LEVEL_GE,95,,COST_ITEM,50,1200,COST_ITEM,55,3,COST_ITEM,61,3,,,,<color=#512820>初始释放回合:2→<color=#56c718>0</c>.</c>,ACTOR_LEVEL_GE,90,,COST_ITEM,50,1000,COST_ITEM,56,2,COST_ITEM,62,1,COST_ITEM,55,3,COST_ITEM,61,3,LEVELUP_ACTOR_SKILL,108071,,暴击伤害增加40%,ACTOR_LEVEL_GE,85,,COST_ITEM,50,900,COST_ITEM,55,3,COST_ITEM,54,6,COST_ITEM,51,6,,,,物防增加960,ACTOR_LEVEL_GE,80,,COST_ITEM,50,800,COST_ITEM,55,3,COST_ITEM,54,6,COST_ITEM,60,6,,,,<color=#512820>获得额外效果:攻击对排末位目标，造成81%的物理伤害，有20%几率嘲讽目标，持续一回合.</c>,ACTOR_LEVEL_GE,75,,COST_ITEM,50,700,COST_ITEM,56,1,COST_ITEM,55,3,COST_ITEM,54,6,COST_ITEM,60,6,LEVELUP_ACTOR_SKILL,10801,,暴击率增加12%,ACTOR_LEVEL_GE,70,,COST_ITEM,50,600,COST_ITEM,54,6,COST_ITEM,51,3,,,,攻击增加480,ACTOR_LEVEL_GE,65,,COST_ITEM,50,500,COST_ITEM,54,6,COST_ITEM,60,3,,,,<color=#512820>释放回合:3→<color=#56c718>2</c>.</c>,ACTOR_LEVEL_GE,60,,COST_ITEM,50,450,COST_ITEM,55,1,COST_ITEM,61,1,COST_ITEM,54,6,LEVELUP_ACTOR_SKILL,10807,,免伤增加5%,ACTOR_LEVEL_GE,55,,COST_ITEM,50,400,COST_ITEM,60,3,,,,物防增加480,ACTOR_LEVEL_GE,50,,COST_ITEM,50,350,COST_ITEM,54,3,,,,<color=#512820>开启技能:血气</c>,ACTOR_LEVEL_GE,45,,COST_ITEM,50,300,COST_ITEM,55,1,COST_ITEM,54,3,ACTOR_UNLOCK_SKILL,10805,,增伤增加3.3%,ACTOR_LEVEL_GE,40,,COST_ITEM,50,250,COST_ITEM,54,1,COST_ITEM,60,1,,,,攻击增加240,ACTOR_LEVEL_GE,35,,COST_ITEM,50,200,COST_ITEM,54,1,,,,<color=#512820>初始释放回合:3→<color=#56c718>2</c>.获得额外效果:并且50%几率嘲讽目标.</c>,ACTOR_LEVEL_GE,30,,COST_ITEM,50,150,LEVELUP_ACTOR_SKILL,10808,,免伤增加3.3%,ACTOR_LEVEL_GE,1,,COST_ITEM,50,100,,,
201,,FAIL,ACTOR_PIN_MAX,,,,,<color=#512820>造成88%<color=#56c718>(121%)</c>的物理伤害</c>,ACTOR_LEVEL_GE,105,,COST_ITEM,50,2000,COST_ITEM,62,3,COST_ITEM,56,3,COST_ITEM,61,6,COST_ITEM,55,6,LEVELUP_ACTOR_SKILL,12001,,命中率增加8%,ACTOR_LEVEL_GE,100,,COST_ITEM,50,1500,COST_ITEM,61,3,COST_ITEM,52,3,,,,生命增加7200,ACTOR_LEVEL_GE,95,,COST_ITEM,50,1200,COST_ITEM,61,3,COST_ITEM,55,3,,,,<color=#512820>造成的伤害提高1%<color=#56c718>(2%)</c></c>,ACTOR_LEVEL_GE,90,,COST_ITEM,50,1000,COST_ITEM,62,2,COST_ITEM,56,1,COST_ITEM,61,3,COST_ITEM,55,3,LEVELUP_ACTOR_SKILL,12003,,免伤增加6.7%,ACTOR_LEVEL_GE,85,,COST_ITEM,50,900,COST_ITEM,61,3,COST_ITEM,60,6,COST_ITEM,51,6,,,,攻击增加480,ACTOR_LEVEL_GE,80,,COST_ITEM,50,800,COST_ITEM,61,3,COST_ITEM,60,6,COST_ITEM,54,6,,,,<color=#512820>对指定排目标造成234%<color=#56c718>(250%)</c>的物理伤害</c>,ACTOR_LEVEL_GE,75,,COST_ITEM,50,700,COST_ITEM,62,1,COST_ITEM,61,3,COST_ITEM,60,6,COST_ITEM,54,6,LEVELUP_ACTOR_SKILL,120022,,增伤增加5%,ACTOR_LEVEL_GE,70,,COST_ITEM,50,600,COST_ITEM,60,6,COST_ITEM,51,3,,,,攻击增加480,ACTOR_LEVEL_GE,65,,COST_ITEM,50,500,COST_ITEM,60,6,COST_ITEM,54,3,,,,<color=#512820>初始释放回合:2→<color=#56c718>0</c>.</c>,ACTOR_LEVEL_GE,60,,COST_ITEM,50,450,COST_ITEM,61,1,COST_ITEM,55,1,COST_ITEM,60,6,LEVELUP_ACTOR_SKILL,120021,,命中率增加6%,ACTOR_LEVEL_GE,55,,COST_ITEM,50,400,COST_ITEM,54,3,,,,攻击增加240,ACTOR_LEVEL_GE,50,,COST_ITEM,50,350,COST_ITEM,60,3,,,,<color=#512820>开启技能:背水一战</c>,ACTOR_LEVEL_GE,45,,COST_ITEM,50,300,COST_ITEM,61,1,COST_ITEM,60,3,ACTOR_UNLOCK_SKILL,12003,,命中率增加4%,ACTOR_LEVEL_GE,40,,COST_ITEM,50,250,COST_ITEM,60,1,COST_ITEM,54,1,,,,生命增加2400,ACTOR_LEVEL_GE,35,,COST_ITEM,50,200,COST_ITEM,60,1,,,,<color=#512820>对指定排目标造成195%<color=#56c718>(234%)</c>的物理伤害</c>,ACTOR_LEVEL_GE,30,,COST_ITEM,50,150,LEVELUP_ACTOR_SKILL,12002,,增伤增加3.3%,ACTOR_LEVEL_GE,1,,COST_ITEM,50,100,,,
202,<outline color=#4A0B0A width=2><color=#ffffff>受到的治疗效果提高6%<color=#56c718>(12%)</c></c></outline>,FAIL,ACTOR_PIN_MAX,,,,,<color=#512820>获得额外效果:并且提升自身物理防御力20%持续1回合.</c>,ACTOR_LEVEL_GE,105,,COST_ITEM,50,2000,COST_ITEM,53,3,COST_ITEM,59,3,COST_ITEM,52,6,COST_ITEM,58,6,LEVELUP_ACTOR_SKILL,13906,,闪避率增加8%,ACTOR_LEVEL_GE,100,,COST_ITEM,50,1500,COST_ITEM,52,3,COST_ITEM,61,3,,,,生命增加7200,ACTOR_LEVEL_GE,95,,COST_ITEM,50,1200,COST_ITEM,52,3,COST_ITEM,58,3,,,,<color=#512820>受到的治疗效果提高6%<color=#56c718>(12%)</c></c>,ACTOR_LEVEL_GE,90,,COST_ITEM,50,1000,COST_ITEM,53,2,COST_ITEM,59,1,COST_ITEM,52,3,COST_ITEM,58,3,LEVELUP_ACTOR_SKILL,13904,,暴击伤害增加40%,ACTOR_LEVEL_GE,85,,COST_ITEM,50,900,COST_ITEM,52,3,COST_ITEM,51,6,COST_ITEM,60,6,,,,法防增加960,ACTOR_LEVEL_GE,80,,COST_ITEM,50,800,COST_ITEM,52,3,COST_ITEM,51,6,COST_ITEM,57,6,,,,<color=#512820>释放回合:2→<color=#56c718>1</c>.</c>,ACTOR_LEVEL_GE,75,,COST_ITEM,50,700,COST_ITEM,53,1,COST_ITEM,52,3,COST_ITEM,51,6,COST_ITEM,57,6,LEVELUP_ACTOR_SKILL,139021,,命中率增加6%,ACTOR_LEVEL_GE,70,,COST_ITEM,50,600,COST_ITEM,51,6,COST_ITEM,60,3,,,,生命增加4800,ACTOR_LEVEL_GE,65,,COST_ITEM,50,500,COST_ITEM,51,6,COST_ITEM,57,3,,,,<color=#512820>初始释放回合:2→<color=#56c718>0</c>.</c>,ACTOR_LEVEL_GE,60,,COST_ITEM,50,450,COST_ITEM,52,1,COST_ITEM,58,1,COST_ITEM,51,6,LEVELUP_ACTOR_SKILL,13902,,抗暴率增加12%,ACTOR_LEVEL_GE,55,,COST_ITEM,50,400,COST_ITEM,57,3,,,,双防增加240,ACTOR_LEVEL_GE,50,,COST_ITEM,50,350,COST_ITEM,51,3,,,,<color=#512820>开启技能:血气分流</c>,ACTOR_LEVEL_GE,45,,COST_ITEM,50,300,COST_ITEM,52,1,COST_ITEM,51,3,ACTOR_UNLOCK_SKILL,13904,,增伤增加3.3%,ACTOR_LEVEL_GE,40,,COST_ITEM,50,250,COST_ITEM,51,1,COST_ITEM,57,1,,,,双防增加240,ACTOR_LEVEL_GE,35,,COST_ITEM,50,200,COST_ITEM,51,1,,,,<color=#512820>获得额外效果:将造成伤害的33%转换为治疗量治疗自身.</c>,ACTOR_LEVEL_GE,30,,COST_ITEM,50,150,LEVELUP_ACTOR_SKILL,13907,,免伤增加3.3%,ACTOR_LEVEL_GE,1,,COST_ITEM,50,100,,,
203,<outline color=#4A0B0A width=2><color=#ffffff>释放回合:2→<color=#56c718>1</c>.</c></outline>,FAIL,ACTOR_PIN_MAX,,,,,<color=#512820>造成88%<color=#56c718>(110%)</c>的法系伤害</c>,ACTOR_LEVEL_GE,105,,COST_ITEM,50,2000,COST_ITEM,53,3,COST_ITEM,62,3,COST_ITEM,52,6,COST_ITEM,61,6,LEVELUP_ACTOR_SKILL,11701,,暴击伤害增加40%,ACTOR_LEVEL_GE,100,,COST_ITEM,50,1500,COST_ITEM,52,3,COST_ITEM,58,3,,,,生命增加7200,ACTOR_LEVEL_GE,95,,COST_ITEM,50,1200,COST_ITEM,52,3,COST_ITEM,61,3,,,,<color=#512820>暴击率提高-20%<color=#56c718>(-30%)</c></c>,ACTOR_LEVEL_GE,90,,COST_ITEM,50,1000,COST_ITEM,53,2,COST_ITEM,62,1,COST_ITEM,52,3,COST_ITEM,61,3,LEVELUP_ACTOR_SKILL,11705,,免伤增加6.7%,ACTOR_LEVEL_GE,85,,COST_ITEM,50,900,COST_ITEM,52,3,COST_ITEM,51,6,COST_ITEM,57,6,,,,生命增加4800,ACTOR_LEVEL_GE,80,,COST_ITEM,50,800,COST_ITEM,52,3,COST_ITEM,51,6,COST_ITEM,60,6,,,,<color=#512820>释放回合:2→<color=#56c718>1</c>.</c>,ACTOR_LEVEL_GE,75,,COST_ITEM,50,700,COST_ITEM,53,1,COST_ITEM,52,3,COST_ITEM,51,6,COST_ITEM,60,6,LEVELUP_ACTOR_SKILL,117022,,暴击伤害增加30%,ACTOR_LEVEL_GE,70,,COST_ITEM,50,600,COST_ITEM,51,6,COST_ITEM,57,3,,,,攻击增加480,ACTOR_LEVEL_GE,65,,COST_ITEM,50,500,COST_ITEM,51,6,COST_ITEM,60,3,,,,<color=#512820>初始释放回合:2→<color=#56c718>0</c>.</c>,ACTOR_LEVEL_GE,60,,COST_ITEM,50,450,COST_ITEM,52,1,COST_ITEM,61,1,COST_ITEM,51,6,LEVELUP_ACTOR_SKILL,117021,,抗暴率增加12%,ACTOR_LEVEL_GE,55,,COST_ITEM,50,400,COST_ITEM,60,3,,,,物防增加480,ACTOR_LEVEL_GE,50,,COST_ITEM,50,350,COST_ITEM,51,3,,,,<color=#512820>开启技能:炽热</c>,ACTOR_LEVEL_GE,45,,COST_ITEM,50,300,COST_ITEM,52,1,COST_ITEM,51,3,ACTOR_UNLOCK_SKILL,11705,,命中率增加4%,ACTOR_LEVEL_GE,40,,COST_ITEM,50,250,COST_ITEM,51,1,COST_ITEM,60,1,,,,攻击增加240,ACTOR_LEVEL_GE,35,,COST_ITEM,50,200,COST_ITEM,51,1,,,,<color=#512820>获得额外效果:24%几率为目标增加灼烧状态.</c>,ACTOR_LEVEL_GE,30,,COST_ITEM,50,150,LEVELUP_ACTOR_SKILL,11702,,增伤增加3.3%,ACTOR_LEVEL_GE,1,,COST_ITEM,50,100,,,
204,,FAIL,ACTOR_PIN_MAX,,,,,<color=#512820>造成88%<color=#56c718>(110%)</c>的法术伤害</c>,ACTOR_LEVEL_GE,105,,COST_ITEM,50,2000,COST_ITEM,59,3,COST_ITEM,53,3,COST_ITEM,58,6,COST_ITEM,52,6,LEVELUP_ACTOR_SKILL,12306,,命中率增加8%,ACTOR_LEVEL_GE,100,,COST_ITEM,50,1500,COST_ITEM,58,3,COST_ITEM,61,3,,,,法防增加1440,ACTOR_LEVEL_GE,95,,COST_ITEM,50,1200,COST_ITEM,58,3,COST_ITEM,52,3,,,,<color=#512820>目标每损失20%生命值伤害提高4.5%<color=#56c718>(9%)</c></c>,ACTOR_LEVEL_GE,90,,COST_ITEM,50,1000,COST_ITEM,59,2,COST_ITEM,53,1,COST_ITEM,58,3,COST_ITEM,52,3,LEVELUP_ACTOR_SKILL,12303,,暴击伤害增加40%,ACTOR_LEVEL_GE,85,,COST_ITEM,50,900,COST_ITEM,58,3,COST_ITEM,57,6,COST_ITEM,60,6,,,,攻击增加480,ACTOR_LEVEL_GE,80,,COST_ITEM,50,800,COST_ITEM,58,3,COST_ITEM,57,6,COST_ITEM,51,6,,,,<color=#512820>释放回合:2→<color=#56c718>1</c>.</c>,ACTOR_LEVEL_GE,75,,COST_ITEM,50,700,COST_ITEM,59,1,COST_ITEM,58,3,COST_ITEM,57,6,COST_ITEM,51,6,LEVELUP_ACTOR_SKILL,123022,,命中率增加6%,ACTOR_LEVEL_GE,70,,COST_ITEM,50,600,COST_ITEM,57,6,COST_ITEM,60,3,,,,生命增加4800,ACTOR_LEVEL_GE,65,,COST_ITEM,50,500,COST_ITEM,57,6,COST_ITEM,51,3,,,,<color=#512820>初始释放回合:2→<color=#56c718>0</c>.</c>,ACTOR_LEVEL_GE,60,,COST_ITEM,50,450,COST_ITEM,58,1,COST_ITEM,52,1,COST_ITEM,57,6,LEVELUP_ACTOR_SKILL,123021,,增伤增加5%,ACTOR_LEVEL_GE,55,,COST_ITEM,50,400,COST_ITEM,51,3,,,,生命增加2400,ACTOR_LEVEL_GE,50,,COST_ITEM,50,350,COST_ITEM,57,3,,,,<color=#512820>开启技能:狮子吼</c>,ACTOR_LEVEL_GE,45,,COST_ITEM,50,300,COST_ITEM,58,1,COST_ITEM,57,3,ACTOR_UNLOCK_SKILL,12303,,命中率增加4%,ACTOR_LEVEL_GE,40,,COST_ITEM,50,250,COST_ITEM,57,1,COST_ITEM,51,1,,,,攻击增加240,ACTOR_LEVEL_GE,35,,COST_ITEM,50,200,COST_ITEM,57,1,,,,<color=#512820>对敌方指定横排造成156%<color=#56c718>(185%)</c>的法术伤害</c>,ACTOR_LEVEL_GE,30,,COST_ITEM,50,150,LEVELUP_ACTOR_SKILL,12302,,增伤增加3.3%,ACTOR_LEVEL_GE,1,,COST_ITEM,50,100,,,
205,,FAIL,ACTOR_PIN_MAX,,,,,<color=#512820>造成88%<color=#56c718>(110%)</c>的法术伤害</c>,ACTOR_LEVEL_GE,105,,COST_ITEM,50,2000,COST_ITEM,59,3,COST_ITEM,62,3,COST_ITEM,58,6,COST_ITEM,61,6,LEVELUP_ACTOR_SKILL,12401,,闪避率增加8%,ACTOR_LEVEL_GE,100,,COST_ITEM,50,1500,COST_ITEM,58,3,COST_ITEM,52,3,,,,物防增加1440,ACTOR_LEVEL_GE,95,,COST_ITEM,50,1200,COST_ITEM,58,3,COST_ITEM,61,3,,,,<color=#512820>会使友军闪避率提高5%<color=#56c718>(10%)</c></c>,ACTOR_LEVEL_GE,90,,COST_ITEM,50,1000,COST_ITEM,59,2,COST_ITEM,62,1,COST_ITEM,58,3,COST_ITEM,61,3,LEVELUP_ACTOR_SKILL,12405,,命中率增加8%,ACTOR_LEVEL_GE,85,,COST_ITEM,50,900,COST_ITEM,58,3,COST_ITEM,57,6,COST_ITEM,51,6,,,,双防增加480,ACTOR_LEVEL_GE,80,,COST_ITEM,50,800,COST_ITEM,58,3,COST_ITEM,57,6,COST_ITEM,60,6,,,,<color=#512820>释放回合:2→<color=#56c718>1</c>.</c>,ACTOR_LEVEL_GE,75,,COST_ITEM,50,700,COST_ITEM,59,1,COST_ITEM,58,3,COST_ITEM,57,6,COST_ITEM,60,6,LEVELUP_ACTOR_SKILL,124021,,命中率增加6%,ACTOR_LEVEL_GE,70,,COST_ITEM,50,600,COST_ITEM,57,6,COST_ITEM,51,3,,,,生命增加4800,ACTOR_LEVEL_GE,65,,COST_ITEM,50,500,COST_ITEM,57,6,COST_ITEM,60,3,,,,<color=#512820>初始释放回合:2→<color=#56c718>0</c>.</c>,ACTOR_LEVEL_GE,60,,COST_ITEM,50,450,COST_ITEM,58,1,COST_ITEM,61,1,COST_ITEM,57,6,LEVELUP_ACTOR_SKILL,12402,,暴击率增加12%,ACTOR_LEVEL_GE,55,,COST_ITEM,50,400,COST_ITEM,60,3,,,,生命增加2400,ACTOR_LEVEL_GE,50,,COST_ITEM,50,350,COST_ITEM,57,3,,,,<color=#512820>开启技能:月夜</c>,ACTOR_LEVEL_GE,45,,COST_ITEM,50,300,COST_ITEM,58,1,COST_ITEM,57,3,ACTOR_UNLOCK_SKILL,12405,,命中率增加4%,ACTOR_LEVEL_GE,40,,COST_ITEM,50,250,COST_ITEM,57,1,COST_ITEM,60,1,,,,物防增加480,ACTOR_LEVEL_GE,35,,COST_ITEM,50,200,COST_ITEM,57,1,,,,<color=#512820>获得额外效果:并且使目标命中率降低20%，持续1回合.</c>,ACTOR_LEVEL_GE,30,,COST_ITEM,50,150,LEVELUP_ACTOR_SKILL,12404,,命中率增加4%,ACTOR_LEVEL_GE,1,,COST_ITEM,50,100,,,
206,,FAIL,ACTOR_PIN_MAX,,,,,<color=#512820>造成88%<color=#56c718>(110%)</c>的伤害</c>,ACTOR_LEVEL_GE,105,,COST_ITEM,50,2000,COST_ITEM,62,3,COST_ITEM,53,3,COST_ITEM,61,6,COST_ITEM,52,6,LEVELUP_ACTOR_SKILL,12601,,闪避率增加8%,ACTOR_LEVEL_GE,100,,COST_ITEM,50,1500,COST_ITEM,61,3,COST_ITEM,58,3,,,,物防增加1440,ACTOR_LEVEL_GE,95,,COST_ITEM,50,1200,COST_ITEM,61,3,COST_ITEM,52,3,,,,<color=#512820>8%<color=#56c718>(16%)</c>的几率使敌方一个没有中毒的角色中毒</c>,ACTOR_LEVEL_GE,90,,COST_ITEM,50,1000,COST_ITEM,62,2,COST_ITEM,53,1,COST_ITEM,61,3,COST_ITEM,52,3,LEVELUP_ACTOR_SKILL,12603,,命中率增加8%,ACTOR_LEVEL_GE,85,,COST_ITEM,50,900,COST_ITEM,61,3,COST_ITEM,60,6,COST_ITEM,57,6,,,,攻击增加480,ACTOR_LEVEL_GE,80,,COST_ITEM,50,800,COST_ITEM,61,3,COST_ITEM,60,6,COST_ITEM,51,6,,,,<color=#512820>释放回合:2→<color=#56c718>1</c>.</c>,ACTOR_LEVEL_GE,75,,COST_ITEM,50,700,COST_ITEM,62,1,COST_ITEM,61,3,COST_ITEM,60,6,COST_ITEM,51,6,LEVELUP_ACTOR_SKILL,126021,,命中率增加6%,ACTOR_LEVEL_GE,70,,COST_ITEM,50,600,COST_ITEM,60,6,COST_ITEM,57,3,,,,生命增加4800,ACTOR_LEVEL_GE,65,,COST_ITEM,50,500,COST_ITEM,60,6,COST_ITEM,51,3,,,,<color=#512820>初始释放回合:2→<color=#56c718>0</c>.</c>,ACTOR_LEVEL_GE,60,,COST_ITEM,50,450,COST_ITEM,61,1,COST_ITEM,52,1,COST_ITEM,60,6,LEVELUP_ACTOR_SKILL,12602,,抗暴率增加12%,ACTOR_LEVEL_GE,55,,COST_ITEM,50,400,COST_ITEM,51,3,,,,攻击增加240,ACTOR_LEVEL_GE,50,,COST_ITEM,50,350,COST_ITEM,60,3,,,,<color=#512820>开启技能:赤口毒舌</c>,ACTOR_LEVEL_GE,45,,COST_ITEM,50,300,COST_ITEM,61,1,COST_ITEM,60,3,ACTOR_UNLOCK_SKILL,12603,,闪避率增加4%,ACTOR_LEVEL_GE,40,,COST_ITEM,50,250,COST_ITEM,60,1,COST_ITEM,51,1,,,,生命增加2400,ACTOR_LEVEL_GE,35,,COST_ITEM,50,200,COST_ITEM,60,1,,,,<color=#512820>获得额外效果:并且使其20%几率中毒.</c>,ACTOR_LEVEL_GE,30,,COST_ITEM,50,150,LEVELUP_ACTOR_SKILL,12606,,免伤增加3.3%,ACTOR_LEVEL_GE,1,,COST_ITEM,50,100,,,
207,<outline color=#4A0B0A width=2><color=#ffffff>自身造成伤害无视目标-100<color=#56c718>(-200)</c>%的法术防御</c></outline>,FAIL,ACTOR_PIN_MAX,,,,,<color=#512820>目标造成88%<color=#56c718>(110%)</c>的物理伤害</c>,ACTOR_LEVEL_GE,105,,COST_ITEM,50,2000,COST_ITEM,62,3,COST_ITEM,59,3,COST_ITEM,61,6,COST_ITEM,58,6,LEVELUP_ACTOR_SKILL,11101,,暴击率增加16%,ACTOR_LEVEL_GE,100,,COST_ITEM,50,1500,COST_ITEM,61,3,COST_ITEM,52,3,,,,攻击增加720,ACTOR_LEVEL_GE,95,,COST_ITEM,50,1200,COST_ITEM,61,3,COST_ITEM,58,3,,,,<color=#512820>自身造成伤害无视目标-10%<color=#56c718>(-20%)</c>的物理防御</c>,ACTOR_LEVEL_GE,90,,COST_ITEM,50,1000,COST_ITEM,62,2,COST_ITEM,59,1,COST_ITEM,61,3,COST_ITEM,58,3,LEVELUP_ACTOR_SKILL,11103,,抗暴率增加16%,ACTOR_LEVEL_GE,85,,COST_ITEM,50,900,COST_ITEM,61,3,COST_ITEM,60,6,COST_ITEM,51,6,,,,物防增加960,ACTOR_LEVEL_GE,80,,COST_ITEM,50,800,COST_ITEM,61,3,COST_ITEM,60,6,COST_ITEM,57,6,,,,<color=#512820>释放回合:2→<color=#56c718>1</c>.</c>,ACTOR_LEVEL_GE,75,,COST_ITEM,50,700,COST_ITEM,62,1,COST_ITEM,61,3,COST_ITEM,60,6,COST_ITEM,57,6,LEVELUP_ACTOR_SKILL,111021,,闪避率增加6%,ACTOR_LEVEL_GE,70,,COST_ITEM,50,600,COST_ITEM,60,6,COST_ITEM,51,3,,,,法防增加960,ACTOR_LEVEL_GE,65,,COST_ITEM,50,500,COST_ITEM,60,6,COST_ITEM,57,3,,,,<color=#512820>初始释放回合:2→<color=#56c718>0</c>.</c>,ACTOR_LEVEL_GE,60,,COST_ITEM,50,450,COST_ITEM,61,1,COST_ITEM,58,1,COST_ITEM,60,6,LEVELUP_ACTOR_SKILL,11102,,增伤增加5%,ACTOR_LEVEL_GE,55,,COST_ITEM,50,400,COST_ITEM,57,3,,,,生命增加2400,ACTOR_LEVEL_GE,50,,COST_ITEM,50,350,COST_ITEM,60,3,,,,<color=#512820>开启技能:霸王卸甲</c>,ACTOR_LEVEL_GE,45,,COST_ITEM,50,300,COST_ITEM,61,1,COST_ITEM,60,3,ACTOR_UNLOCK_SKILL,11103,,暴击率增加8%,ACTOR_LEVEL_GE,40,,COST_ITEM,50,250,COST_ITEM,60,1,COST_ITEM,57,1,,,,生命增加2400,ACTOR_LEVEL_GE,35,,COST_ITEM,50,200,COST_ITEM,60,1,,,,<color=#512820>获得额外效果:并且使目标物理防御降低20%，持续两回合.</c>,ACTOR_LEVEL_GE,30,,COST_ITEM,50,150,LEVELUP_ACTOR_SKILL,11105,,命中率增加4%,ACTOR_LEVEL_GE,1,,COST_ITEM,50,100,,,
208,<outline color=#4A0B0A width=2><color=#ffffff>释放回合:3→<color=#56c718>2</c>.</c></outline>,FAIL,ACTOR_PIN_MAX,,,,,<color=#512820>造成88%<color=#56c718>(110%)</c>的法术伤害</c>,ACTOR_LEVEL_GE,105,,COST_ITEM,50,2000,COST_ITEM,56,3,COST_ITEM,59,3,COST_ITEM,55,6,COST_ITEM,58,6,LEVELUP_ACTOR_SKILL,12201,,闪避率增加8%,ACTOR_LEVEL_GE,100,,COST_ITEM,50,1500,COST_ITEM,55,3,COST_ITEM,61,3,,,,法防增加1440,ACTOR_LEVEL_GE,95,,COST_ITEM,50,1200,COST_ITEM,55,3,COST_ITEM,58,3,,,,<color=#512820>自身造成伤害无视目标-10%<color=#56c718>(-20%)</c>的法术防御</c>,ACTOR_LEVEL_GE,90,,COST_ITEM,50,1000,COST_ITEM,56,2,COST_ITEM,59,1,COST_ITEM,55,3,COST_ITEM,58,3,LEVELUP_ACTOR_SKILL,12203,,暴击伤害增加40%,ACTOR_LEVEL_GE,85,,COST_ITEM,50,900,COST_ITEM,55,3,COST_ITEM,54,6,COST_ITEM,60,6,,,,生命增加4800,ACTOR_LEVEL_GE,80,,COST_ITEM,50,800,COST_ITEM,55,3,COST_ITEM,54,6,COST_ITEM,57,6,,,,<color=#512820>释放回合:2→<color=#56c718>1</c>.</c>,ACTOR_LEVEL_GE,75,,COST_ITEM,50,700,COST_ITEM,56,1,COST_ITEM,55,3,COST_ITEM,54,6,COST_ITEM,57,6,LEVELUP_ACTOR_SKILL,122041,,命中率增加6%,ACTOR_LEVEL_GE,70,,COST_ITEM,50,600,COST_ITEM,54,6,COST_ITEM,60,3,,,,生命增加4800,ACTOR_LEVEL_GE,65,,COST_ITEM,50,500,COST_ITEM,54,6,COST_ITEM,57,3,,,,<color=#512820>初始释放回合:2→<color=#56c718>0</c>.</c>,ACTOR_LEVEL_GE,60,,COST_ITEM,50,450,COST_ITEM,55,1,COST_ITEM,58,1,COST_ITEM,54,6,LEVELUP_ACTOR_SKILL,12204,,增伤增加5%,ACTOR_LEVEL_GE,55,,COST_ITEM,50,400,COST_ITEM,57,3,,,,攻击增加240,ACTOR_LEVEL_GE,50,,COST_ITEM,50,350,COST_ITEM,54,3,,,,<color=#512820>开启技能:心如止水</c>,ACTOR_LEVEL_GE,45,,COST_ITEM,50,300,COST_ITEM,55,1,COST_ITEM,54,3,ACTOR_UNLOCK_SKILL,12203,,暴击伤害增加20%,ACTOR_LEVEL_GE,40,,COST_ITEM,50,250,COST_ITEM,54,1,COST_ITEM,57,1,,,,法防增加480,ACTOR_LEVEL_GE,35,,COST_ITEM,50,200,COST_ITEM,54,1,,,,<color=#512820>获得额外效果:有50%几率使对方法术防御力减少30%，持续1回合.</c>,ACTOR_LEVEL_GE,30,,COST_ITEM,50,150,LEVELUP_ACTOR_SKILL,12202,,命中率增加4%,ACTOR_LEVEL_GE,1,,COST_ITEM,50,100,,,
209,,FAIL,ACTOR_PIN_MAX,,,,,<color=#512820>造成88%<color=#56c718>(110%)</c>的物理伤害</c>,ACTOR_LEVEL_GE,105,,COST_ITEM,50,2000,COST_ITEM,56,3,COST_ITEM,62,3,COST_ITEM,55,6,COST_ITEM,61,6,LEVELUP_ACTOR_SKILL,13601,,命中率增加8%,ACTOR_LEVEL_GE,100,,COST_ITEM,50,1500,COST_ITEM,55,3,COST_ITEM,58,3,,,,攻击增加720,ACTOR_LEVEL_GE,95,,COST_ITEM,50,1200,COST_ITEM,55,3,COST_ITEM,61,3,,,,<color=#512820>反弹受到伤害的8%<color=#56c718>(16%)</c></c>,ACTOR_LEVEL_GE,90,,COST_ITEM,50,1000,COST_ITEM,56,2,COST_ITEM,62,1,COST_ITEM,55,3,COST_ITEM,61,3,LEVELUP_ACTOR_SKILL,13604,,免伤增加6.7%,ACTOR_LEVEL_GE,85,,COST_ITEM,50,900,COST_ITEM,55,3,COST_ITEM,54,6,COST_ITEM,57,6,,,,生命增加4800,ACTOR_LEVEL_GE,80,,COST_ITEM,50,800,COST_ITEM,55,3,COST_ITEM,54,6,COST_ITEM,60,6,,,,<color=#512820>释放回合:3→<color=#56c718>2</c>.</c>,ACTOR_LEVEL_GE,75,,COST_ITEM,50,700,COST_ITEM,56,1,COST_ITEM,55,3,COST_ITEM,54,6,COST_ITEM,60,6,LEVELUP_ACTOR_SKILL,136052,,暴击伤害增加30%,ACTOR_LEVEL_GE,70,,COST_ITEM,50,600,COST_ITEM,54,6,COST_ITEM,57,3,,,,攻击增加480,ACTOR_LEVEL_GE,65,,COST_ITEM,50,500,COST_ITEM,54,6,COST_ITEM,60,3,,,,<color=#512820>初始释放回合:3→<color=#56c718>1</c>.</c>,ACTOR_LEVEL_GE,60,,COST_ITEM,50,450,COST_ITEM,55,1,COST_ITEM,61,1,COST_ITEM,54,6,LEVELUP_ACTOR_SKILL,136051,,增伤增加5%,ACTOR_LEVEL_GE,55,,COST_ITEM,50,400,COST_ITEM,60,3,,,,攻击增加240,ACTOR_LEVEL_GE,50,,COST_ITEM,50,350,COST_ITEM,54,3,,,,<color=#512820>开启技能:完璧</c>,ACTOR_LEVEL_GE,45,,COST_ITEM,50,300,COST_ITEM,55,1,COST_ITEM,54,3,ACTOR_UNLOCK_SKILL,13604,,抗暴率增加8%,ACTOR_LEVEL_GE,40,,COST_ITEM,50,250,COST_ITEM,54,1,COST_ITEM,60,1,,,,生命增加2400,ACTOR_LEVEL_GE,35,,COST_ITEM,50,200,COST_ITEM,54,1,,,,<color=#512820>获得额外效果:嘲讽后受到的伤害降低20%.</c>,ACTOR_LEVEL_GE,30,,COST_ITEM,50,150,LEVELUP_ACTOR_SKILL,13603,,免伤增加3.3%,ACTOR_LEVEL_GE,1,,COST_ITEM,50,100,,,
210,,FAIL,ACTOR_PIN_MAX,,,,,<color=#512820>造成88%<color=#56c718>(110%)</c>的物理伤害</c>,ACTOR_LEVEL_GE,105,,COST_ITEM,50,2000,COST_ITEM,59,3,COST_ITEM,56,3,COST_ITEM,58,6,COST_ITEM,55,6,LEVELUP_ACTOR_SKILL,11001,,命中率增加8%,ACTOR_LEVEL_GE,100,,COST_ITEM,50,1500,COST_ITEM,58,3,COST_ITEM,61,3,,,,物防增加1440,ACTOR_LEVEL_GE,95,,COST_ITEM,50,1200,COST_ITEM,58,3,COST_ITEM,55,3,,,,<color=#512820>对血量低于30%<color=#56c718>(50%)</c>的目标</c>,ACTOR_LEVEL_GE,90,,COST_ITEM,50,1000,COST_ITEM,59,2,COST_ITEM,56,1,COST_ITEM,58,3,COST_ITEM,55,3,LEVELUP_ACTOR_SKILL,11003,,闪避率增加8%,ACTOR_LEVEL_GE,85,,COST_ITEM,50,900,COST_ITEM,58,3,COST_ITEM,57,6,COST_ITEM,60,6,,,,物防增加960,ACTOR_LEVEL_GE,80,,COST_ITEM,50,800,COST_ITEM,58,3,COST_ITEM,57,6,COST_ITEM,54,6,,,,<color=#512820>释放回合:2→<color=#56c718>1</c>.</c>,ACTOR_LEVEL_GE,75,,COST_ITEM,50,700,COST_ITEM,59,1,COST_ITEM,58,3,COST_ITEM,57,6,COST_ITEM,54,6,LEVELUP_ACTOR_SKILL,110051,,增伤增加5%,ACTOR_LEVEL_GE,70,,COST_ITEM,50,600,COST_ITEM,57,6,COST_ITEM,60,3,,,,生命增加4800,ACTOR_LEVEL_GE,65,,COST_ITEM,50,500,COST_ITEM,57,6,COST_ITEM,54,3,,,,<color=#512820>初始释放回合:2→<color=#56c718>0</c>.</c>,ACTOR_LEVEL_GE,60,,COST_ITEM,50,450,COST_ITEM,58,1,COST_ITEM,55,1,COST_ITEM,57,6,LEVELUP_ACTOR_SKILL,11005,,暴击伤害增加30%,ACTOR_LEVEL_GE,55,,COST_ITEM,50,400,COST_ITEM,54,3,,,,攻击增加240,ACTOR_LEVEL_GE,50,,COST_ITEM,50,350,COST_ITEM,57,3,,,,<color=#512820>开启技能:战心</c>,ACTOR_LEVEL_GE,45,,COST_ITEM,50,300,COST_ITEM,58,1,COST_ITEM,57,3,ACTOR_UNLOCK_SKILL,11003,,暴击伤害增加20%,ACTOR_LEVEL_GE,40,,COST_ITEM,50,250,COST_ITEM,57,1,COST_ITEM,54,1,,,,生命增加2400,ACTOR_LEVEL_GE,35,,COST_ITEM,50,200,COST_ITEM,57,1,,,,<color=#512820>获得额外效果:并且本次命中率增加100%.</c>,ACTOR_LEVEL_GE,30,,COST_ITEM,50,150,LEVELUP_ACTOR_SKILL,11002,,暴击伤害增加20%,ACTOR_LEVEL_GE,1,,COST_ITEM,50,100,,,
211,,FAIL,ACTOR_PIN_MAX,,,,,<color=#512820>造成88%<color=#56c718>(110%)</c>的物理伤害</c>,ACTOR_LEVEL_GE,105,,COST_ITEM,50,2000,COST_ITEM,59,3,COST_ITEM,62,3,COST_ITEM,58,6,COST_ITEM,61,6,LEVELUP_ACTOR_SKILL,12501,,免伤增加6.7%,ACTOR_LEVEL_GE,100,,COST_ITEM,50,1500,COST_ITEM,58,3,COST_ITEM,55,3,,,,双防增加720,ACTOR_LEVEL_GE,95,,COST_ITEM,50,1200,COST_ITEM,58,3,COST_ITEM,61,3,,,,<color=#512820>造成的伤害提高10%<color=#56c718>(20%)</c></c>,ACTOR_LEVEL_GE,90,,COST_ITEM,50,1000,COST_ITEM,59,2,COST_ITEM,62,1,COST_ITEM,58,3,COST_ITEM,61,3,LEVELUP_ACTOR_SKILL,12510,,增伤增加6.7%,ACTOR_LEVEL_GE,85,,COST_ITEM,50,900,COST_ITEM,58,3,COST_ITEM,57,6,COST_ITEM,54,6,,,,双防增加480,ACTOR_LEVEL_GE,80,,COST_ITEM,50,800,COST_ITEM,58,3,COST_ITEM,57,6,COST_ITEM,60,6,,,,<color=#512820>释放回合:2→<color=#56c718>1</c>.</c>,ACTOR_LEVEL_GE,75,,COST_ITEM,50,700,COST_ITEM,59,1,COST_ITEM,58,3,COST_ITEM,57,6,COST_ITEM,60,6,LEVELUP_ACTOR_SKILL,125021,,命中率增加6%,ACTOR_LEVEL_GE,70,,COST_ITEM,50,600,COST_ITEM,57,6,COST_ITEM,54,3,,,,生命增加4800,ACTOR_LEVEL_GE,65,,COST_ITEM,50,500,COST_ITEM,57,6,COST_ITEM,60,3,,,,<color=#512820>初始释放回合:2→<color=#56c718>0</c>.</c>,ACTOR_LEVEL_GE,60,,COST_ITEM,50,450,COST_ITEM,58,1,COST_ITEM,61,1,COST_ITEM,57,6,LEVELUP_ACTOR_SKILL,12502,,暴击伤害增加30%,ACTOR_LEVEL_GE,55,,COST_ITEM,50,400,COST_ITEM,60,3,,,,物防增加480,ACTOR_LEVEL_GE,50,,COST_ITEM,50,350,COST_ITEM,57,3,,,,<color=#512820>开启技能:移花接木</c>,ACTOR_LEVEL_GE,45,,COST_ITEM,50,300,COST_ITEM,58,1,COST_ITEM,57,3,ACTOR_UNLOCK_SKILL,12510,,增伤增加3.3%,ACTOR_LEVEL_GE,40,,COST_ITEM,50,250,COST_ITEM,57,1,COST_ITEM,60,1,,,,法防增加480,ACTOR_LEVEL_GE,35,,COST_ITEM,50,200,COST_ITEM,57,1,,,,<color=#512820>获得额外效果:40%几率造成眩晕，持续1回合.</c>,ACTOR_LEVEL_GE,30,,COST_ITEM,50,150,LEVELUP_ACTOR_SKILL,12511,,闪避率增加4%,ACTOR_LEVEL_GE,1,,COST_ITEM,50,100,,,
212,<outline color=#4A0B0A width=2><color=#ffffff>200<color=#56c718>(400)</c>%清除一个友方单位的减益效果。</c></outline>,FAIL,ACTOR_PIN_MAX,,,,,<color=#512820>治疗指定目标回复攻击力96%<color=#56c718>(120%)</c>的生命值</c>,ACTOR_LEVEL_GE,105,,COST_ITEM,50,2000,COST_ITEM,62,3,COST_ITEM,56,3,COST_ITEM,61,6,COST_ITEM,55,6,LEVELUP_ACTOR_SKILL,13201,,抗暴率增加16%,ACTOR_LEVEL_GE,100,,COST_ITEM,50,1500,COST_ITEM,61,3,COST_ITEM,58,3,,,,生命增加7200,ACTOR_LEVEL_GE,95,,COST_ITEM,50,1200,COST_ITEM,61,3,COST_ITEM,55,3,,,,<color=#512820>对所有目标的治疗都会使目标的抗暴几率提高5%<color=#56c718>(10%)</c></c>,ACTOR_LEVEL_GE,90,,COST_ITEM,50,1000,COST_ITEM,62,2,COST_ITEM,56,1,COST_ITEM,61,3,COST_ITEM,55,3,LEVELUP_ACTOR_SKILL,13203,,闪避率增加8%,ACTOR_LEVEL_GE,85,,COST_ITEM,50,900,COST_ITEM,61,3,COST_ITEM,60,6,COST_ITEM,57,6,,,,攻击增加480,ACTOR_LEVEL_GE,80,,COST_ITEM,50,800,COST_ITEM,61,3,COST_ITEM,60,6,COST_ITEM,54,6,,,,<color=#512820>释放回合:3→<color=#56c718>2</c>.</c>,ACTOR_LEVEL_GE,75,,COST_ITEM,50,700,COST_ITEM,62,1,COST_ITEM,61,3,COST_ITEM,60,6,COST_ITEM,54,6,LEVELUP_ACTOR_SKILL,132021,,免伤增加5%,ACTOR_LEVEL_GE,70,,COST_ITEM,50,600,COST_ITEM,60,6,COST_ITEM,57,3,,,,双防增加480,ACTOR_LEVEL_GE,65,,COST_ITEM,50,500,COST_ITEM,60,6,COST_ITEM,54,3,,,,<color=#512820>初始释放回合:3→<color=#56c718>1</c>.</c>,ACTOR_LEVEL_GE,60,,COST_ITEM,50,450,COST_ITEM,61,1,COST_ITEM,55,1,COST_ITEM,60,6,LEVELUP_ACTOR_SKILL,13202,,闪避率增加6%,ACTOR_LEVEL_GE,55,,COST_ITEM,50,400,COST_ITEM,54,3,,,,双防增加240,ACTOR_LEVEL_GE,50,,COST_ITEM,50,350,COST_ITEM,60,3,,,,<color=#512820>开启技能:惊弦华章</c>,ACTOR_LEVEL_GE,45,,COST_ITEM,50,300,COST_ITEM,61,1,COST_ITEM,60,3,ACTOR_UNLOCK_SKILL,13203,,治疗增加3.3%,ACTOR_LEVEL_GE,40,,COST_ITEM,50,250,COST_ITEM,60,1,COST_ITEM,54,1,,,,生命增加2400,ACTOR_LEVEL_GE,35,,COST_ITEM,50,200,COST_ITEM,60,1,,,,<color=#512820>获得额外效果:并且使目标在行动前回复目标生命上限5%的生命值，持续两回合.</c>,ACTOR_LEVEL_GE,30,,COST_ITEM,50,150,LEVELUP_ACTOR_SKILL,13208,,治疗增加3.3%,ACTOR_LEVEL_GE,1,,COST_ITEM,50,100,,,
213,<outline color=#4A0B0A width=2><color=#ffffff>释放回合:2→<color=#56c718>1</c>.</c></outline>,FAIL,ACTOR_PIN_MAX,,,,,<color=#512820>造成88%<color=#56c718>(110%)</c>的法术伤害</c>,ACTOR_LEVEL_GE,105,,COST_ITEM,50,2000,COST_ITEM,62,3,COST_ITEM,59,3,COST_ITEM,61,6,COST_ITEM,58,6,LEVELUP_ACTOR_SKILL,12901,,治疗增加6.7%,ACTOR_LEVEL_GE,100,,COST_ITEM,50,1500,COST_ITEM,61,3,COST_ITEM,55,3,,,,生命增加7200,ACTOR_LEVEL_GE,95,,COST_ITEM,50,1200,COST_ITEM,61,3,COST_ITEM,58,3,,,,<color=#512820>治疗量提高6%<color=#56c718>(12%)</c></c>,ACTOR_LEVEL_GE,90,,COST_ITEM,50,1000,COST_ITEM,62,2,COST_ITEM,59,1,COST_ITEM,61,3,COST_ITEM,58,3,LEVELUP_ACTOR_SKILL,12903,,命中率增加8%,ACTOR_LEVEL_GE,85,,COST_ITEM,50,900,COST_ITEM,61,3,COST_ITEM,60,6,COST_ITEM,54,6,,,,法防增加960,ACTOR_LEVEL_GE,80,,COST_ITEM,50,800,COST_ITEM,61,3,COST_ITEM,60,6,COST_ITEM,57,6,,,,<color=#512820>释放回合:2→<color=#56c718>1</c>.</c>,ACTOR_LEVEL_GE,75,,COST_ITEM,50,700,COST_ITEM,62,1,COST_ITEM,61,3,COST_ITEM,60,6,COST_ITEM,57,6,LEVELUP_ACTOR_SKILL,129051,,免伤增加5%,ACTOR_LEVEL_GE,70,,COST_ITEM,50,600,COST_ITEM,60,6,COST_ITEM,54,3,,,,法防增加960,ACTOR_LEVEL_GE,65,,COST_ITEM,50,500,COST_ITEM,60,6,COST_ITEM,57,3,,,,<color=#512820>初始释放回合:2→<color=#56c718>0</c>.</c>,ACTOR_LEVEL_GE,60,,COST_ITEM,50,450,COST_ITEM,61,1,COST_ITEM,58,1,COST_ITEM,60,6,LEVELUP_ACTOR_SKILL,12905,,暴击伤害增加30%,ACTOR_LEVEL_GE,55,,COST_ITEM,50,400,COST_ITEM,57,3,,,,双防增加240,ACTOR_LEVEL_GE,50,,COST_ITEM,50,350,COST_ITEM,60,3,,,,<color=#512820>开启技能:斗转星移</c>,ACTOR_LEVEL_GE,45,,COST_ITEM,50,300,COST_ITEM,61,1,COST_ITEM,60,3,ACTOR_UNLOCK_SKILL,12903,,免伤增加3.3%,ACTOR_LEVEL_GE,40,,COST_ITEM,50,250,COST_ITEM,60,1,COST_ITEM,57,1,,,,生命增加2400,ACTOR_LEVEL_GE,35,,COST_ITEM,50,200,COST_ITEM,60,1,,,,<color=#512820>获得额外效果:驱散目标1个负面状态.</c>,ACTOR_LEVEL_GE,30,,COST_ITEM,50,150,LEVELUP_ACTOR_SKILL,12902,,命中率增加4%,ACTOR_LEVEL_GE,1,,COST_ITEM,50,100,,,
214,,FAIL,ACTOR_PIN_MAX,,,,,<color=#512820>治疗指定目标恢复自身攻击力96%<color=#56c718>(120%)</c>的血量</c>,ACTOR_LEVEL_GE,105,,COST_ITEM,50,2000,COST_ITEM,53,3,COST_ITEM,56,3,COST_ITEM,52,6,COST_ITEM,55,6,LEVELUP_ACTOR_SKILL,13401,,治疗增加6.7%,ACTOR_LEVEL_GE,100,,COST_ITEM,50,1500,COST_ITEM,52,3,COST_ITEM,58,3,,,,攻击增加720,ACTOR_LEVEL_GE,95,,COST_ITEM,50,1200,COST_ITEM,52,3,COST_ITEM,55,3,,,,<color=#512820>20%<color=#56c718>(40%)</c>清除一个友方单位的减益效果</c>,ACTOR_LEVEL_GE,90,,COST_ITEM,50,1000,COST_ITEM,53,2,COST_ITEM,56,1,COST_ITEM,52,3,COST_ITEM,55,3,LEVELUP_ACTOR_SKILL,13408,,抗暴率增加16%,ACTOR_LEVEL_GE,85,,COST_ITEM,50,900,COST_ITEM,52,3,COST_ITEM,51,6,COST_ITEM,57,6,,,,物防增加960,ACTOR_LEVEL_GE,80,,COST_ITEM,50,800,COST_ITEM,52,3,COST_ITEM,51,6,COST_ITEM,54,6,,,,<color=#512820>释放回合:2→<color=#56c718>1</c>.</c>,ACTOR_LEVEL_GE,75,,COST_ITEM,50,700,COST_ITEM,53,1,COST_ITEM,52,3,COST_ITEM,51,6,COST_ITEM,54,6,LEVELUP_ACTOR_SKILL,134021,,闪避率增加6%,ACTOR_LEVEL_GE,70,,COST_ITEM,50,600,COST_ITEM,51,6,COST_ITEM,57,3,,,,攻击增加480,ACTOR_LEVEL_GE,65,,COST_ITEM,50,500,COST_ITEM,51,6,COST_ITEM,54,3,,,,<color=#512820>初始释放回合:2→<color=#56c718>0</c>.</c>,ACTOR_LEVEL_GE,60,,COST_ITEM,50,450,COST_ITEM,52,1,COST_ITEM,55,1,COST_ITEM,51,6,LEVELUP_ACTOR_SKILL,13402,,治疗增加5%,ACTOR_LEVEL_GE,55,,COST_ITEM,50,400,COST_ITEM,54,3,,,,双防增加240,ACTOR_LEVEL_GE,50,,COST_ITEM,50,350,COST_ITEM,51,3,,,,<color=#512820>开启技能:厚土</c>,ACTOR_LEVEL_GE,45,,COST_ITEM,50,300,COST_ITEM,52,1,COST_ITEM,51,3,ACTOR_UNLOCK_SKILL,13408,,免伤增加3.3%,ACTOR_LEVEL_GE,40,,COST_ITEM,50,250,COST_ITEM,51,1,COST_ITEM,54,1,,,,生命增加2400,ACTOR_LEVEL_GE,35,,COST_ITEM,50,200,COST_ITEM,51,1,,,,<color=#512820>获得额外效果:使指定角色造成的伤害提高30%，暴击率提高30%，持续两回合.</c>,ACTOR_LEVEL_GE,30,,COST_ITEM,50,150,LEVELUP_ACTOR_SKILL,13407,,免伤增加3.3%,ACTOR_LEVEL_GE,1,,COST_ITEM,50,100,,,
215,,FAIL,ACTOR_PIN_MAX,,,,,<color=#512820>治疗指定目标回复96%<color=#56c718>(120%)</c>生命值</c>,ACTOR_LEVEL_GE,105,,COST_ITEM,50,2000,COST_ITEM,53,3,COST_ITEM,59,3,COST_ITEM,52,6,COST_ITEM,58,6,LEVELUP_ACTOR_SKILL,13101,,命中率增加8%,ACTOR_LEVEL_GE,100,,COST_ITEM,50,1500,COST_ITEM,52,3,COST_ITEM,55,3,,,,攻击增加720,ACTOR_LEVEL_GE,95,,COST_ITEM,50,1200,COST_ITEM,52,3,COST_ITEM,58,3,,,,<color=#512820>为友军恢复自身生命值20%<color=#56c718>(30%)</c>的血量</c>,ACTOR_LEVEL_GE,90,,COST_ITEM,50,1000,COST_ITEM,53,2,COST_ITEM,59,1,COST_ITEM,52,3,COST_ITEM,58,3,LEVELUP_ACTOR_SKILL,13103,,命中率增加8%,ACTOR_LEVEL_GE,85,,COST_ITEM,50,900,COST_ITEM,52,3,COST_ITEM,51,6,COST_ITEM,54,6,,,,物防增加960,ACTOR_LEVEL_GE,80,,COST_ITEM,50,800,COST_ITEM,52,3,COST_ITEM,51,6,COST_ITEM,57,6,,,,<color=#512820>释放回合:2→<color=#56c718>1</c>.</c>,ACTOR_LEVEL_GE,75,,COST_ITEM,50,700,COST_ITEM,53,1,COST_ITEM,52,3,COST_ITEM,51,6,COST_ITEM,57,6,LEVELUP_ACTOR_SKILL,131022,,闪避率增加6%,ACTOR_LEVEL_GE,70,,COST_ITEM,50,600,COST_ITEM,51,6,COST_ITEM,54,3,,,,生命增加4800,ACTOR_LEVEL_GE,65,,COST_ITEM,50,500,COST_ITEM,51,6,COST_ITEM,57,3,,,,<color=#512820>初始释放回合:2→<color=#56c718>0</c>.</c>,ACTOR_LEVEL_GE,60,,COST_ITEM,50,450,COST_ITEM,52,1,COST_ITEM,58,1,COST_ITEM,51,6,LEVELUP_ACTOR_SKILL,131021,,闪避率增加6%,ACTOR_LEVEL_GE,55,,COST_ITEM,50,400,COST_ITEM,57,3,,,,攻击增加240,ACTOR_LEVEL_GE,50,,COST_ITEM,50,350,COST_ITEM,51,3,,,,<color=#512820>开启技能:心神不定</c>,ACTOR_LEVEL_GE,45,,COST_ITEM,50,300,COST_ITEM,52,1,COST_ITEM,51,3,ACTOR_UNLOCK_SKILL,13103,,抗暴率增加8%,ACTOR_LEVEL_GE,40,,COST_ITEM,50,250,COST_ITEM,51,1,COST_ITEM,57,1,,,,法防增加480,ACTOR_LEVEL_GE,35,,COST_ITEM,50,200,COST_ITEM,51,1,,,,<color=#512820>持续2<color=#56c718>(3)</c>回合</c>,ACTOR_LEVEL_GE,30,,COST_ITEM,50,150,LEVELUP_ACTOR_SKILL,13102,,免伤增加3.3%,ACTOR_LEVEL_GE,1,,COST_ITEM,50,100,,,
216,,FAIL,ACTOR_PIN_MAX,,,,,<color=#512820>攻击前排目标造成88%<color=#56c718>(110%)</c>的法术伤害</c>,ACTOR_LEVEL_GE,105,,COST_ITEM,50,2000,COST_ITEM,56,3,COST_ITEM,53,3,COST_ITEM,55,6,COST_ITEM,52,6,LEVELUP_ACTOR_SKILL,12701,,暴击率增加16%,ACTOR_LEVEL_GE,100,,COST_ITEM,50,1500,COST_ITEM,55,3,COST_ITEM,58,3,,,,物防增加1440,ACTOR_LEVEL_GE,95,,COST_ITEM,50,1200,COST_ITEM,55,3,COST_ITEM,52,3,,,,<color=#512820>每次攻击会根据自身造成的伤害量的10%<color=#56c718>(20%)</c>治疗己方全体血量最少的目标</c>,ACTOR_LEVEL_GE,90,,COST_ITEM,50,1000,COST_ITEM,56,2,COST_ITEM,53,1,COST_ITEM,55,3,COST_ITEM,52,3,LEVELUP_ACTOR_SKILL,12704,,命中率增加8%,ACTOR_LEVEL_GE,85,,COST_ITEM,50,900,COST_ITEM,55,3,COST_ITEM,54,6,COST_ITEM,57,6,,,,物防增加960,ACTOR_LEVEL_GE,80,,COST_ITEM,50,800,COST_ITEM,55,3,COST_ITEM,54,6,COST_ITEM,51,6,,,,<color=#512820>释放回合:2→<color=#56c718>1</c>.</c>,ACTOR_LEVEL_GE,75,,COST_ITEM,50,700,COST_ITEM,56,1,COST_ITEM,55,3,COST_ITEM,54,6,COST_ITEM,51,6,LEVELUP_ACTOR_SKILL,127051,,抗暴率增加12%,ACTOR_LEVEL_GE,70,,COST_ITEM,50,600,COST_ITEM,54,6,COST_ITEM,57,3,,,,法防增加960,ACTOR_LEVEL_GE,65,,COST_ITEM,50,500,COST_ITEM,54,6,COST_ITEM,51,3,,,,<color=#512820>初始释放回合:2→<color=#56c718>0</c>.</c>,ACTOR_LEVEL_GE,60,,COST_ITEM,50,450,COST_ITEM,55,1,COST_ITEM,52,1,COST_ITEM,54,6,LEVELUP_ACTOR_SKILL,12705,,闪避率增加6%,ACTOR_LEVEL_GE,55,,COST_ITEM,50,400,COST_ITEM,51,3,,,,生命增加2400,ACTOR_LEVEL_GE,50,,COST_ITEM,50,350,COST_ITEM,54,3,,,,<color=#512820>开启技能:川流不息</c>,ACTOR_LEVEL_GE,45,,COST_ITEM,50,300,COST_ITEM,55,1,COST_ITEM,54,3,ACTOR_UNLOCK_SKILL,12704,,暴击伤害增加20%,ACTOR_LEVEL_GE,40,,COST_ITEM,50,250,COST_ITEM,54,1,COST_ITEM,51,1,,,,生命增加2400,ACTOR_LEVEL_GE,35,,COST_ITEM,50,200,COST_ITEM,54,1,,,,<color=#512820>获得额外效果:对十字范围造成攻击力135%的法术伤害.</c>,ACTOR_LEVEL_GE,30,,COST_ITEM,50,150,LEVELUP_ACTOR_SKILL,12703,,命中率增加4%,ACTOR_LEVEL_GE,1,,COST_ITEM,50,100,,,
217,<outline color=#4A0B0A width=2><color=#ffffff>同排的友军受到的伤害降低40<color=#56c718>(80)</c>%</c></outline>,FAIL,ACTOR_PIN_MAX,,,,,<color=#512820>攻击对位末位目标造成88%<color=#56c718>(110%)</c>的物理伤害</c>,ACTOR_LEVEL_GE,105,,COST_ITEM,50,2000,COST_ITEM,56,3,COST_ITEM,59,3,COST_ITEM,55,6,COST_ITEM,58,6,LEVELUP_ACTOR_SKILL,11201,,闪避率增加8%,ACTOR_LEVEL_GE,100,,COST_ITEM,50,1500,COST_ITEM,55,3,COST_ITEM,52,3,,,,生命增加7200,ACTOR_LEVEL_GE,95,,COST_ITEM,50,1200,COST_ITEM,55,3,COST_ITEM,58,3,,,,<color=#512820>最多叠加3<color=#56c718>(5)</c>层</c>,ACTOR_LEVEL_GE,90,,COST_ITEM,50,1000,COST_ITEM,56,2,COST_ITEM,59,1,COST_ITEM,55,3,COST_ITEM,58,3,LEVELUP_ACTOR_SKILL,11203,,免伤增加6.7%,ACTOR_LEVEL_GE,85,,COST_ITEM,50,900,COST_ITEM,55,3,COST_ITEM,54,6,COST_ITEM,51,6,,,,双防增加480,ACTOR_LEVEL_GE,80,,COST_ITEM,50,800,COST_ITEM,55,3,COST_ITEM,54,6,COST_ITEM,57,6,,,,<color=#512820>释放回合:2→<color=#56c718>1</c>.</c>,ACTOR_LEVEL_GE,75,,COST_ITEM,50,700,COST_ITEM,56,1,COST_ITEM,55,3,COST_ITEM,54,6,COST_ITEM,57,6,LEVELUP_ACTOR_SKILL,112021,,闪避率增加6%,ACTOR_LEVEL_GE,70,,COST_ITEM,50,600,COST_ITEM,54,6,COST_ITEM,51,3,,,,生命增加4800,ACTOR_LEVEL_GE,65,,COST_ITEM,50,500,COST_ITEM,54,6,COST_ITEM,57,3,,,,<color=#512820>初始释放回合:2→<color=#56c718>0</c>.</c>,ACTOR_LEVEL_GE,60,,COST_ITEM,50,450,COST_ITEM,55,1,COST_ITEM,58,1,COST_ITEM,54,6,LEVELUP_ACTOR_SKILL,11202,,命中率增加6%,ACTOR_LEVEL_GE,55,,COST_ITEM,50,400,COST_ITEM,57,3,,,,攻击增加240,ACTOR_LEVEL_GE,50,,COST_ITEM,50,350,COST_ITEM,54,3,,,,<color=#512820>开启技能:玲珑</c>,ACTOR_LEVEL_GE,45,,COST_ITEM,50,300,COST_ITEM,55,1,COST_ITEM,54,3,ACTOR_UNLOCK_SKILL,11203,,免伤增加3.3%,ACTOR_LEVEL_GE,40,,COST_ITEM,50,250,COST_ITEM,54,1,COST_ITEM,57,1,,,,双防增加240,ACTOR_LEVEL_GE,35,,COST_ITEM,50,200,COST_ITEM,54,1,,,,<color=#512820>获得额外效果:并且提升自身35%的闪避率，效果持续2回合.</c>,ACTOR_LEVEL_GE,30,,COST_ITEM,50,150,LEVELUP_ACTOR_SKILL,11205,,暴击伤害增加20%,ACTOR_LEVEL_GE,1,,COST_ITEM,50,100,,,
218,<outline color=#4A0B0A width=2><color=#ffffff>释放回合:2→<color=#56c718>1</c>.</c></outline>,FAIL,ACTOR_PIN_MAX,,,,,<color=#512820>治疗指定目标造成88%<color=#56c718>(110%)</c>攻击力的治疗效果</c>,ACTOR_LEVEL_GE,105,,COST_ITEM,50,2000,COST_ITEM,59,3,COST_ITEM,53,3,COST_ITEM,58,6,COST_ITEM,52,6,LEVELUP_ACTOR_SKILL,13701,,治疗增加6.7%,ACTOR_LEVEL_GE,100,,COST_ITEM,50,1500,COST_ITEM,58,3,COST_ITEM,55,3,,,,攻击增加720,ACTOR_LEVEL_GE,95,,COST_ITEM,50,1200,COST_ITEM,58,3,COST_ITEM,52,3,,,,<color=#512820>每次造成伤害会使下一次造成的治疗效果提高2%<color=#56c718>(4%)</c></c>,ACTOR_LEVEL_GE,90,,COST_ITEM,50,1000,COST_ITEM,59,2,COST_ITEM,53,1,COST_ITEM,58,3,COST_ITEM,52,3,LEVELUP_ACTOR_SKILL,13703,,闪避率增加8%,ACTOR_LEVEL_GE,85,,COST_ITEM,50,900,COST_ITEM,58,3,COST_ITEM,57,6,COST_ITEM,54,6,,,,攻击增加480,ACTOR_LEVEL_GE,80,,COST_ITEM,50,800,COST_ITEM,58,3,COST_ITEM,57,6,COST_ITEM,51,6,,,,<color=#512820>释放回合:2→<color=#56c718>1</c>.</c>,ACTOR_LEVEL_GE,75,,COST_ITEM,50,700,COST_ITEM,59,1,COST_ITEM,58,3,COST_ITEM,57,6,COST_ITEM,51,6,LEVELUP_ACTOR_SKILL,137041,,免伤增加5%,ACTOR_LEVEL_GE,70,,COST_ITEM,50,600,COST_ITEM,57,6,COST_ITEM,54,3,,,,攻击增加480,ACTOR_LEVEL_GE,65,,COST_ITEM,50,500,COST_ITEM,57,6,COST_ITEM,51,3,,,,<color=#512820>初始释放回合:2→<color=#56c718>0</c>.</c>,ACTOR_LEVEL_GE,60,,COST_ITEM,50,450,COST_ITEM,58,1,COST_ITEM,52,1,COST_ITEM,57,6,LEVELUP_ACTOR_SKILL,13704,,暴击率增加12%,ACTOR_LEVEL_GE,55,,COST_ITEM,50,400,COST_ITEM,51,3,,,,攻击增加240,ACTOR_LEVEL_GE,50,,COST_ITEM,50,350,COST_ITEM,57,3,,,,<color=#512820>开启技能:千面</c>,ACTOR_LEVEL_GE,45,,COST_ITEM,50,300,COST_ITEM,58,1,COST_ITEM,57,3,ACTOR_UNLOCK_SKILL,13703,,抗暴率增加8%,ACTOR_LEVEL_GE,40,,COST_ITEM,50,250,COST_ITEM,57,1,COST_ITEM,51,1,,,,生命增加2400,ACTOR_LEVEL_GE,35,,COST_ITEM,50,200,COST_ITEM,57,1,,,,<color=#512820>获得额外效果:降低目标的抗暴几率50%，持续2回合.</c>,ACTOR_LEVEL_GE,30,,COST_ITEM,50,150,LEVELUP_ACTOR_SKILL,13702,,治疗增加3.3%,ACTOR_LEVEL_GE,1,,COST_ITEM,50,100,,,
219,,FAIL,ACTOR_PIN_MAX,,,,,<color=#512820>造成88%<color=#56c718>(110%)</c>的法术伤害</c>,ACTOR_LEVEL_GE,105,,COST_ITEM,50,2000,COST_ITEM,59,3,COST_ITEM,56,3,COST_ITEM,58,6,COST_ITEM,55,6,LEVELUP_ACTOR_SKILL,13301,,命中率增加8%,ACTOR_LEVEL_GE,100,,COST_ITEM,50,1500,COST_ITEM,58,3,COST_ITEM,52,3,,,,攻击增加720,ACTOR_LEVEL_GE,95,,COST_ITEM,50,1200,COST_ITEM,58,3,COST_ITEM,55,3,,,,<color=#512820>暴击率提高13%<color=#56c718>(25%)</c></c>,ACTOR_LEVEL_GE,90,,COST_ITEM,50,1000,COST_ITEM,59,2,COST_ITEM,56,1,COST_ITEM,58,3,COST_ITEM,55,3,LEVELUP_ACTOR_SKILL,13305,,抗暴率增加16%,ACTOR_LEVEL_GE,85,,COST_ITEM,50,900,COST_ITEM,58,3,COST_ITEM,57,6,COST_ITEM,51,6,,,,物防增加960,ACTOR_LEVEL_GE,80,,COST_ITEM,50,800,COST_ITEM,58,3,COST_ITEM,57,6,COST_ITEM,54,6,,,,<color=#512820>释放回合:2→<color=#56c718>1</c>.</c>,ACTOR_LEVEL_GE,75,,COST_ITEM,50,700,COST_ITEM,59,1,COST_ITEM,58,3,COST_ITEM,57,6,COST_ITEM,54,6,LEVELUP_ACTOR_SKILL,133021,,命中率增加6%,ACTOR_LEVEL_GE,70,,COST_ITEM,50,600,COST_ITEM,57,6,COST_ITEM,51,3,,,,法防增加960,ACTOR_LEVEL_GE,65,,COST_ITEM,50,500,COST_ITEM,57,6,COST_ITEM,54,3,,,,<color=#512820>初始释放回合:2→<color=#56c718>0</c>.</c>,ACTOR_LEVEL_GE,60,,COST_ITEM,50,450,COST_ITEM,58,1,COST_ITEM,55,1,COST_ITEM,57,6,LEVELUP_ACTOR_SKILL,13302,,闪避率增加6%,ACTOR_LEVEL_GE,55,,COST_ITEM,50,400,COST_ITEM,54,3,,,,攻击增加240,ACTOR_LEVEL_GE,50,,COST_ITEM,50,350,COST_ITEM,57,3,,,,<color=#512820>开启技能:浮生若梦</c>,ACTOR_LEVEL_GE,45,,COST_ITEM,50,300,COST_ITEM,58,1,COST_ITEM,57,3,ACTOR_UNLOCK_SKILL,13305,,暴击伤害增加20%,ACTOR_LEVEL_GE,40,,COST_ITEM,50,250,COST_ITEM,57,1,COST_ITEM,54,1,,,,双防增加240,ACTOR_LEVEL_GE,35,,COST_ITEM,50,200,COST_ITEM,57,1,,,,<color=#512820>获得额外效果:降低敌方横排目标抗暴率30%持续两回合，并且对目标造成178%的法术伤害.</c>,ACTOR_LEVEL_GE,30,,COST_ITEM,50,150,LEVELUP_ACTOR_SKILL,13307,,命中率增加4%,ACTOR_LEVEL_GE,1,,COST_ITEM,50,100,,,
220,,FAIL,ACTOR_PIN_MAX,,,,,<color=#512820>获得额外效果:20%概率中毒.</c>,ACTOR_LEVEL_GE,105,,COST_ITEM,50,2000,COST_ITEM,53,3,COST_ITEM,56,3,COST_ITEM,52,6,COST_ITEM,55,6,LEVELUP_ACTOR_SKILL,14101,,增伤增加6.7%,ACTOR_LEVEL_GE,100,,COST_ITEM,50,1500,COST_ITEM,52,3,COST_ITEM,61,3,,,,双防增加720,ACTOR_LEVEL_GE,95,,COST_ITEM,50,1200,COST_ITEM,52,3,COST_ITEM,55,3,,,,<color=#512820>同排的友军受到的伤害降低4%<color=#56c718>(8%)</c></c>,ACTOR_LEVEL_GE,90,,COST_ITEM,50,1000,COST_ITEM,53,2,COST_ITEM,56,1,COST_ITEM,52,3,COST_ITEM,55,3,LEVELUP_ACTOR_SKILL,14103,,命中率增加8%,ACTOR_LEVEL_GE,85,,COST_ITEM,50,900,COST_ITEM,52,3,COST_ITEM,51,6,COST_ITEM,60,6,,,,生命增加4800,ACTOR_LEVEL_GE,80,,COST_ITEM,50,800,COST_ITEM,52,3,COST_ITEM,51,6,COST_ITEM,54,6,,,,<color=#512820>释放回合:2→<color=#56c718>1</c>.</c>,ACTOR_LEVEL_GE,75,,COST_ITEM,50,700,COST_ITEM,53,1,COST_ITEM,52,3,COST_ITEM,51,6,COST_ITEM,54,6,LEVELUP_ACTOR_SKILL,141051,,命中率增加6%,ACTOR_LEVEL_GE,70,,COST_ITEM,50,600,COST_ITEM,51,6,COST_ITEM,60,3,,,,生命增加4800,ACTOR_LEVEL_GE,65,,COST_ITEM,50,500,COST_ITEM,51,6,COST_ITEM,54,3,,,,<color=#512820>初始释放回合:2→<color=#56c718>0</c>.</c>,ACTOR_LEVEL_GE,60,,COST_ITEM,50,450,COST_ITEM,52,1,COST_ITEM,55,1,COST_ITEM,51,6,LEVELUP_ACTOR_SKILL,14105,,闪避率增加6%,ACTOR_LEVEL_GE,55,,COST_ITEM,50,400,COST_ITEM,54,3,,,,生命增加2400,ACTOR_LEVEL_GE,50,,COST_ITEM,50,350,COST_ITEM,51,3,,,,<color=#512820>开启技能:升魂咒</c>,ACTOR_LEVEL_GE,45,,COST_ITEM,50,300,COST_ITEM,52,1,COST_ITEM,51,3,ACTOR_UNLOCK_SKILL,14103,,闪避率增加4%,ACTOR_LEVEL_GE,40,,COST_ITEM,50,250,COST_ITEM,51,1,COST_ITEM,54,1,,,,攻击增加240,ACTOR_LEVEL_GE,35,,COST_ITEM,50,200,COST_ITEM,51,1,,,,<color=#512820>获得额外效果:若目标中毒，则必定嘲讽成功.</c>,ACTOR_LEVEL_GE,30,,COST_ITEM,50,150,LEVELUP_ACTOR_SKILL,14102,,闪避率增加4%,ACTOR_LEVEL_GE,1,,COST_ITEM,50,100,,,
221,,FAIL,ACTOR_PIN_MAX,,,,,<color=#512820>造成88%<color=#56c718>(110%)</c>的物理伤害</c>,ACTOR_LEVEL_GE,105,,COST_ITEM,50,2000,COST_ITEM,53,3,COST_ITEM,62,3,COST_ITEM,52,6,COST_ITEM,61,6,LEVELUP_ACTOR_SKILL,13801,,暴击率增加16%,ACTOR_LEVEL_GE,100,,COST_ITEM,50,1500,COST_ITEM,52,3,COST_ITEM,55,3,,,,生命增加7200,ACTOR_LEVEL_GE,95,,COST_ITEM,50,1200,COST_ITEM,52,3,COST_ITEM,61,3,,,,<color=#512820>反弹受到8%<color=#56c718>(16%)</c>的伤害</c>,ACTOR_LEVEL_GE,90,,COST_ITEM,50,1000,COST_ITEM,53,2,COST_ITEM,62,1,COST_ITEM,52,3,COST_ITEM,61,3,LEVELUP_ACTOR_SKILL,13807,,抗暴率增加16%,ACTOR_LEVEL_GE,85,,COST_ITEM,50,900,COST_ITEM,52,3,COST_ITEM,51,6,COST_ITEM,54,6,,,,法防增加960,ACTOR_LEVEL_GE,80,,COST_ITEM,50,800,COST_ITEM,52,3,COST_ITEM,51,6,COST_ITEM,60,6,,,,<color=#512820>释放回合:2→<color=#56c718>1</c>.获得额外效果:自身受到的伤害提高25%，横排队友受到的伤害降低50%<color=#56c718>(不会影响自身)</c>，持续arg6回合.</c>,ACTOR_LEVEL_GE,75,,COST_ITEM,50,700,COST_ITEM,53,1,COST_ITEM,52,3,COST_ITEM,51,6,COST_ITEM,60,6,LEVELUP_ACTOR_SKILL,138022,,命中率增加6%,ACTOR_LEVEL_GE,70,,COST_ITEM,50,600,COST_ITEM,51,6,COST_ITEM,54,3,,,,生命增加4800,ACTOR_LEVEL_GE,65,,COST_ITEM,50,500,COST_ITEM,51,6,COST_ITEM,60,3,,,,<color=#512820>初始释放回合:2→<color=#56c718>0</c>.获得额外效果:自身受到的伤害提高25%，横排队友受到的伤害降低50%<color=#56c718>(不会影响自身)</c>，持续arg5回合.</c>,ACTOR_LEVEL_GE,60,,COST_ITEM,50,450,COST_ITEM,52,1,COST_ITEM,61,1,COST_ITEM,51,6,LEVELUP_ACTOR_SKILL,138021,,命中率增加6%,ACTOR_LEVEL_GE,55,,COST_ITEM,50,400,COST_ITEM,60,3,,,,法防增加480,ACTOR_LEVEL_GE,50,,COST_ITEM,50,350,COST_ITEM,51,3,,,,<color=#512820>开启技能:金刚</c>,ACTOR_LEVEL_GE,45,,COST_ITEM,50,300,COST_ITEM,52,1,COST_ITEM,51,3,ACTOR_UNLOCK_SKILL,13807,,抗暴率增加8%,ACTOR_LEVEL_GE,40,,COST_ITEM,50,250,COST_ITEM,51,1,COST_ITEM,60,1,,,,双防增加240,ACTOR_LEVEL_GE,35,,COST_ITEM,50,200,COST_ITEM,51,1,,,,<color=#512820>获得额外效果:自身受到的伤害提高25%，横排队友受到的伤害降低50%<color=#56c718>(不会影响自身)</c>，持续arg4回合.</c>,ACTOR_LEVEL_GE,30,,COST_ITEM,50,150,LEVELUP_ACTOR_SKILL,13802,,命中率增加4%,ACTOR_LEVEL_GE,1,,COST_ITEM,50,100,,,
222,<outline color=#4A0B0A width=2><color=#ffffff>每次造成伤害都有27%<color=#56c718>(45%)</c>几率使对方灼烧</c></outline>,FAIL,ACTOR_PIN_MAX,,,,,<color=#512820>有10%<color=#56c718>(25%)</c>几率使目标中毒</c>,ACTOR_LEVEL_GE,105,,COST_ITEM,50,2000,COST_ITEM,56,3,COST_ITEM,53,3,COST_ITEM,55,6,COST_ITEM,52,6,LEVELUP_ACTOR_SKILL,11901,,命中率增加8%,ACTOR_LEVEL_GE,100,,COST_ITEM,50,1500,COST_ITEM,55,3,COST_ITEM,61,3,,,,法防增加1440,ACTOR_LEVEL_GE,95,,COST_ITEM,50,1200,COST_ITEM,55,3,COST_ITEM,52,3,,,,<color=#512820>使生命值低于30%<color=#56c718>(50%)</c>的中毒目标</c>,ACTOR_LEVEL_GE,90,,COST_ITEM,50,1000,COST_ITEM,56,2,COST_ITEM,53,1,COST_ITEM,55,3,COST_ITEM,52,3,LEVELUP_ACTOR_SKILL,11903,,增伤增加6.7%,ACTOR_LEVEL_GE,85,,COST_ITEM,50,900,COST_ITEM,55,3,COST_ITEM,54,6,COST_ITEM,60,6,,,,法防增加960,ACTOR_LEVEL_GE,80,,COST_ITEM,50,800,COST_ITEM,55,3,COST_ITEM,54,6,COST_ITEM,51,6,,,,<color=#512820>释放回合:2→<color=#56c718>1</c>.</c>,ACTOR_LEVEL_GE,75,,COST_ITEM,50,700,COST_ITEM,56,1,COST_ITEM,55,3,COST_ITEM,54,6,COST_ITEM,51,6,LEVELUP_ACTOR_SKILL,119021,,免伤增加5%,ACTOR_LEVEL_GE,70,,COST_ITEM,50,600,COST_ITEM,54,6,COST_ITEM,60,3,,,,物防增加960,ACTOR_LEVEL_GE,65,,COST_ITEM,50,500,COST_ITEM,54,6,COST_ITEM,51,3,,,,<color=#512820>初始释放回合:2→<color=#56c718>0</c>.</c>,ACTOR_LEVEL_GE,60,,COST_ITEM,50,450,COST_ITEM,55,1,COST_ITEM,52,1,COST_ITEM,54,6,LEVELUP_ACTOR_SKILL,11902,,免伤增加5%,ACTOR_LEVEL_GE,55,,COST_ITEM,50,400,COST_ITEM,51,3,,,,攻击增加240,ACTOR_LEVEL_GE,50,,COST_ITEM,50,350,COST_ITEM,54,3,,,,<color=#512820>开启技能:水月镜花</c>,ACTOR_LEVEL_GE,45,,COST_ITEM,50,300,COST_ITEM,55,1,COST_ITEM,54,3,ACTOR_UNLOCK_SKILL,11903,,抗暴率增加8%,ACTOR_LEVEL_GE,40,,COST_ITEM,50,250,COST_ITEM,54,1,COST_ITEM,51,1,,,,攻击增加240,ACTOR_LEVEL_GE,35,,COST_ITEM,50,200,COST_ITEM,54,1,,,,<color=#512820>获得额外效果:如果目标处于中毒状态，清除目标所有增加状态，并且使目标2回合内无法获得增益效果.</c>,ACTOR_LEVEL_GE,30,,COST_ITEM,50,150,LEVELUP_ACTOR_SKILL,11908,,暴击率增加8%,ACTOR_LEVEL_GE,1,,COST_ITEM,50,100,,,
223,:,FAIL,ACTOR_PIN_MAX,,,,,<color=#512820>造成88%<color=#56c718>(110%)</c>的物理伤害</c>,ACTOR_LEVEL_GE,105,,COST_ITEM,50,2000,COST_ITEM,56,3,COST_ITEM,62,3,COST_ITEM,55,6,COST_ITEM,61,6,LEVELUP_ACTOR_SKILL,11601,,抗暴率增加16%,ACTOR_LEVEL_GE,100,,COST_ITEM,50,1500,COST_ITEM,55,3,COST_ITEM,52,3,,,,生命增加7200,ACTOR_LEVEL_GE,95,,COST_ITEM,50,1200,COST_ITEM,55,3,COST_ITEM,61,3,,,,<color=#512820>使己方造成的伤害提高3%<color=#56c718>(5%)</c></c>,ACTOR_LEVEL_GE,90,,COST_ITEM,50,1000,COST_ITEM,56,2,COST_ITEM,62,1,COST_ITEM,55,3,COST_ITEM,61,3,LEVELUP_ACTOR_SKILL,11603,,命中率增加8%,ACTOR_LEVEL_GE,85,,COST_ITEM,50,900,COST_ITEM,55,3,COST_ITEM,54,6,COST_ITEM,51,6,,,,双防增加480,ACTOR_LEVEL_GE,80,,COST_ITEM,50,800,COST_ITEM,55,3,COST_ITEM,54,6,COST_ITEM,60,6,,,,<color=#512820>释放回合:2→<color=#56c718>1</c>.</c>,ACTOR_LEVEL_GE,75,,COST_ITEM,50,700,COST_ITEM,56,1,COST_ITEM,55,3,COST_ITEM,54,6,COST_ITEM,60,6,LEVELUP_ACTOR_SKILL,116041,,暴击率增加12%,ACTOR_LEVEL_GE,70,,COST_ITEM,50,600,COST_ITEM,54,6,COST_ITEM,51,3,,,,法防增加960,ACTOR_LEVEL_GE,65,,COST_ITEM,50,500,COST_ITEM,54,6,COST_ITEM,60,3,,,,<color=#512820>初始释放回合:2→<color=#56c718>0</c>.</c>,ACTOR_LEVEL_GE,60,,COST_ITEM,50,450,COST_ITEM,55,1,COST_ITEM,61,1,COST_ITEM,54,6,LEVELUP_ACTOR_SKILL,11604,,闪避率增加6%,ACTOR_LEVEL_GE,55,,COST_ITEM,50,400,COST_ITEM,60,3,,,,双防增加240,ACTOR_LEVEL_GE,50,,COST_ITEM,50,350,COST_ITEM,54,3,,,,<color=#512820>开启技能:振奋</c>,ACTOR_LEVEL_GE,45,,COST_ITEM,50,300,COST_ITEM,55,1,COST_ITEM,54,3,ACTOR_UNLOCK_SKILL,11603,,抗暴率增加8%,ACTOR_LEVEL_GE,40,,COST_ITEM,50,250,COST_ITEM,54,1,COST_ITEM,60,1,,,,生命增加2400,ACTOR_LEVEL_GE,35,,COST_ITEM,50,200,COST_ITEM,54,1,,,,<color=#512820>获得额外效果:并且使目标造成的伤害降低10%，持续一回合.</c>,ACTOR_LEVEL_GE,30,,COST_ITEM,50,150,LEVELUP_ACTOR_SKILL,11602,,命中率增加4%,ACTOR_LEVEL_GE,1,,COST_ITEM,50,100,,,
224,,FAIL,ACTOR_PIN_MAX,,,,,<color=#512820>造成88%<color=#56c718>(110%)</c>的物理伤害</c>,ACTOR_LEVEL_GE,105,,COST_ITEM,50,2000,COST_ITEM,62,3,COST_ITEM,53,3,COST_ITEM,61,6,COST_ITEM,52,6,LEVELUP_ACTOR_SKILL,11401,,暴击伤害增加40%,ACTOR_LEVEL_GE,100,,COST_ITEM,50,1500,COST_ITEM,61,3,COST_ITEM,55,3,,,,法防增加1440,ACTOR_LEVEL_GE,95,,COST_ITEM,50,1200,COST_ITEM,61,3,COST_ITEM,52,3,,,,<color=#512820>开场时爆击提高30%<color=#56c718>(40%)</c></c>,ACTOR_LEVEL_GE,90,,COST_ITEM,50,1000,COST_ITEM,62,2,COST_ITEM,53,1,COST_ITEM,61,3,COST_ITEM,52,3,LEVELUP_ACTOR_SKILL,11403,,命中率增加8%,ACTOR_LEVEL_GE,85,,COST_ITEM,50,900,COST_ITEM,61,3,COST_ITEM,60,6,COST_ITEM,54,6,,,,双防增加480,ACTOR_LEVEL_GE,80,,COST_ITEM,50,800,COST_ITEM,61,3,COST_ITEM,60,6,COST_ITEM,51,6,,,,<color=#512820>释放回合:2→<color=#56c718>1</c>.</c>,ACTOR_LEVEL_GE,75,,COST_ITEM,50,700,COST_ITEM,62,1,COST_ITEM,61,3,COST_ITEM,60,6,COST_ITEM,51,6,LEVELUP_ACTOR_SKILL,114021,,暴击率增加12%,ACTOR_LEVEL_GE,70,,COST_ITEM,50,600,COST_ITEM,60,6,COST_ITEM,54,3,,,,物防增加960,ACTOR_LEVEL_GE,65,,COST_ITEM,50,500,COST_ITEM,60,6,COST_ITEM,51,3,,,,<color=#512820>初始释放回合:2→<color=#56c718>0</c>.</c>,ACTOR_LEVEL_GE,60,,COST_ITEM,50,450,COST_ITEM,61,1,COST_ITEM,52,1,COST_ITEM,60,6,LEVELUP_ACTOR_SKILL,11402,,暴击伤害增加30%,ACTOR_LEVEL_GE,55,,COST_ITEM,50,400,COST_ITEM,51,3,,,,法防增加480,ACTOR_LEVEL_GE,50,,COST_ITEM,50,350,COST_ITEM,60,3,,,,<color=#512820>开启技能:愈战愈勇</c>,ACTOR_LEVEL_GE,45,,COST_ITEM,50,300,COST_ITEM,61,1,COST_ITEM,60,3,ACTOR_UNLOCK_SKILL,11403,,抗暴率增加8%,ACTOR_LEVEL_GE,40,,COST_ITEM,50,250,COST_ITEM,60,1,COST_ITEM,51,1,,,,攻击增加240,ACTOR_LEVEL_GE,35,,COST_ITEM,50,200,COST_ITEM,60,1,,,,<color=#512820>获得额外效果:并且本次爆伤提高100%.</c>,ACTOR_LEVEL_GE,30,,COST_ITEM,50,150,LEVELUP_ACTOR_SKILL,11405,,免伤增加3.3%,ACTOR_LEVEL_GE,1,,COST_ITEM,50,100,,,
225,,FAIL,ACTOR_PIN_MAX,,,,,<color=#512820>造成88%<color=#56c718>(110%)</c>的法术伤害</c>,ACTOR_LEVEL_GE,105,,COST_ITEM,50,2000,COST_ITEM,62,3,COST_ITEM,56,3,COST_ITEM,61,6,COST_ITEM,55,6,LEVELUP_ACTOR_SKILL,13501,,增伤增加6.7%,ACTOR_LEVEL_GE,100,,COST_ITEM,50,1500,COST_ITEM,61,3,COST_ITEM,52,3,,,,法防增加1440,ACTOR_LEVEL_GE,95,,COST_ITEM,50,1200,COST_ITEM,61,3,COST_ITEM,55,3,,,,<color=#512820>场上每个敌方的冰冻目标会使自身受到的伤害降低10%<color=#56c718>(20%)</c></c>,ACTOR_LEVEL_GE,90,,COST_ITEM,50,1000,COST_ITEM,62,2,COST_ITEM,56,1,COST_ITEM,61,3,COST_ITEM,55,3,LEVELUP_ACTOR_SKILL,13503,,增伤增加6.7%,ACTOR_LEVEL_GE,85,,COST_ITEM,50,900,COST_ITEM,61,3,COST_ITEM,60,6,COST_ITEM,51,6,,,,法防增加960,ACTOR_LEVEL_GE,80,,COST_ITEM,50,800,COST_ITEM,61,3,COST_ITEM,60,6,COST_ITEM,54,6,,,,<color=#512820>释放回合:2→<color=#56c718>1</c>.</c>,ACTOR_LEVEL_GE,75,,COST_ITEM,50,700,COST_ITEM,62,1,COST_ITEM,61,3,COST_ITEM,60,6,COST_ITEM,54,6,LEVELUP_ACTOR_SKILL,135021,,免伤增加5%,ACTOR_LEVEL_GE,70,,COST_ITEM,50,600,COST_ITEM,60,6,COST_ITEM,51,3,,,,法防增加960,ACTOR_LEVEL_GE,65,,COST_ITEM,50,500,COST_ITEM,60,6,COST_ITEM,54,3,,,,<color=#512820>初始释放回合:2→<color=#56c718>0</c>.</c>,ACTOR_LEVEL_GE,60,,COST_ITEM,50,450,COST_ITEM,61,1,COST_ITEM,55,1,COST_ITEM,60,6,LEVELUP_ACTOR_SKILL,13502,,暴击率增加12%,ACTOR_LEVEL_GE,55,,COST_ITEM,50,400,COST_ITEM,54,3,,,,生命增加2400,ACTOR_LEVEL_GE,50,,COST_ITEM,50,350,COST_ITEM,60,3,,,,<color=#512820>开启技能:银装素裹</c>,ACTOR_LEVEL_GE,45,,COST_ITEM,50,300,COST_ITEM,61,1,COST_ITEM,60,3,ACTOR_UNLOCK_SKILL,13503,,命中率增加4%,ACTOR_LEVEL_GE,40,,COST_ITEM,50,250,COST_ITEM,60,1,COST_ITEM,54,1,,,,攻击增加240,ACTOR_LEVEL_GE,35,,COST_ITEM,50,200,COST_ITEM,60,1,,,,<color=#512820>并且使目标10%<color=#56c718>(30%)</c>几率进入冰冻状态</c>,ACTOR_LEVEL_GE,30,,COST_ITEM,50,150,LEVELUP_ACTOR_SKILL,13508,,增伤增加3.3%,ACTOR_LEVEL_GE,1,,COST_ITEM,50,100,,,
226,,FAIL,ACTOR_PIN_MAX,,,,,<color=#512820>造成88%<color=#56c718>(110%)</c>的伤害</c>,ACTOR_LEVEL_GE,105,,COST_ITEM,50,2000,COST_ITEM,53,3,COST_ITEM,59,3,COST_ITEM,52,6,COST_ITEM,58,6,LEVELUP_ACTOR_SKILL,15201,,命中率增加8%,ACTOR_LEVEL_GE,100,,COST_ITEM,50,1500,COST_ITEM,52,3,COST_ITEM,61,3,,,,物防增加1440,ACTOR_LEVEL_GE,95,,COST_ITEM,50,1200,COST_ITEM,52,3,COST_ITEM,58,3,,,,<color=#512820>每次造成伤害都有27%<color=#56c718>(45%)</c>几率使对方灼烧</c>,ACTOR_LEVEL_GE,90,,COST_ITEM,50,1000,COST_ITEM,53,2,COST_ITEM,59,1,COST_ITEM,52,3,COST_ITEM,58,3,LEVELUP_ACTOR_SKILL,15203,,命中率增加8%,ACTOR_LEVEL_GE,85,,COST_ITEM,50,900,COST_ITEM,52,3,COST_ITEM,51,6,COST_ITEM,60,6,,,,攻击增加480,ACTOR_LEVEL_GE,80,,COST_ITEM,50,800,COST_ITEM,52,3,COST_ITEM,51,6,COST_ITEM,57,6,,,,<color=#512820>释放回合:2→<color=#56c718>1</c>.</c>,ACTOR_LEVEL_GE,75,,COST_ITEM,50,700,COST_ITEM,53,1,COST_ITEM,52,3,COST_ITEM,51,6,COST_ITEM,57,6,LEVELUP_ACTOR_SKILL,152022,,抗暴率增加12%,ACTOR_LEVEL_GE,70,,COST_ITEM,50,600,COST_ITEM,51,6,COST_ITEM,60,3,,,,攻击增加480,ACTOR_LEVEL_GE,65,,COST_ITEM,50,500,COST_ITEM,51,6,COST_ITEM,57,3,,,,<color=#512820>初始释放回合:2→<color=#56c718>0</c>.</c>,ACTOR_LEVEL_GE,60,,COST_ITEM,50,450,COST_ITEM,52,1,COST_ITEM,58,1,COST_ITEM,51,6,LEVELUP_ACTOR_SKILL,152021,,暴击伤害增加30%,ACTOR_LEVEL_GE,55,,COST_ITEM,50,400,COST_ITEM,57,3,,,,攻击增加240,ACTOR_LEVEL_GE,50,,COST_ITEM,50,350,COST_ITEM,51,3,,,,<color=#512820>开启技能:火祭</c>,ACTOR_LEVEL_GE,45,,COST_ITEM,50,300,COST_ITEM,52,1,COST_ITEM,51,3,ACTOR_UNLOCK_SKILL,15203,,闪避率增加4%,ACTOR_LEVEL_GE,40,,COST_ITEM,50,250,COST_ITEM,51,1,COST_ITEM,57,1,,,,物防增加480,ACTOR_LEVEL_GE,35,,COST_ITEM,50,200,COST_ITEM,51,1,,,,<color=#512820>造成128%<color=#56c718>(156%)</c>的法术伤害</c>,ACTOR_LEVEL_GE,30,,COST_ITEM,50,150,LEVELUP_ACTOR_SKILL,15202,,增伤增加3.3%,ACTOR_LEVEL_GE,1,,COST_ITEM,50,100,,,
227,<outline color=#4A0B0A width=2><color=#ffffff>造成的伤害提高30<color=#56c718>(50)</c>%</c></outline>,FAIL,ACTOR_PIN_MAX,,,,,<color=#512820>造成88%<color=#56c718>(110%)</c>的法术伤害</c>,ACTOR_LEVEL_GE,105,,COST_ITEM,50,2000,COST_ITEM,53,3,COST_ITEM,62,3,COST_ITEM,52,6,COST_ITEM,61,6,LEVELUP_ACTOR_SKILL,11801,,闪避率增加8%,ACTOR_LEVEL_GE,100,,COST_ITEM,50,1500,COST_ITEM,52,3,COST_ITEM,58,3,,,,生命增加7200,ACTOR_LEVEL_GE,95,,COST_ITEM,50,1200,COST_ITEM,52,3,COST_ITEM,61,3,,,,<color=#512820>造成的伤害提高3%<color=#56c718>(5%)</c></c>,ACTOR_LEVEL_GE,90,,COST_ITEM,50,1000,COST_ITEM,53,2,COST_ITEM,62,1,COST_ITEM,52,3,COST_ITEM,61,3,LEVELUP_ACTOR_SKILL,11805,,命中率增加8%,ACTOR_LEVEL_GE,85,,COST_ITEM,50,900,COST_ITEM,52,3,COST_ITEM,51,6,COST_ITEM,57,6,,,,双防增加480,ACTOR_LEVEL_GE,80,,COST_ITEM,50,800,COST_ITEM,52,3,COST_ITEM,51,6,COST_ITEM,60,6,,,,<color=#512820>释放回合:2→<color=#56c718>1</c>.</c>,ACTOR_LEVEL_GE,75,,COST_ITEM,50,700,COST_ITEM,53,1,COST_ITEM,52,3,COST_ITEM,51,6,COST_ITEM,60,6,LEVELUP_ACTOR_SKILL,118021,,抗暴率增加12%,ACTOR_LEVEL_GE,70,,COST_ITEM,50,600,COST_ITEM,51,6,COST_ITEM,57,3,,,,法防增加960,ACTOR_LEVEL_GE,65,,COST_ITEM,50,500,COST_ITEM,51,6,COST_ITEM,60,3,,,,<color=#512820>初始释放回合:2→<color=#56c718>0</c>.</c>,ACTOR_LEVEL_GE,60,,COST_ITEM,50,450,COST_ITEM,52,1,COST_ITEM,61,1,COST_ITEM,51,6,LEVELUP_ACTOR_SKILL,11802,,闪避率增加6%,ACTOR_LEVEL_GE,55,,COST_ITEM,50,400,COST_ITEM,60,3,,,,法防增加480,ACTOR_LEVEL_GE,50,,COST_ITEM,50,350,COST_ITEM,51,3,,,,<color=#512820>开启技能:烟雨纵横</c>,ACTOR_LEVEL_GE,45,,COST_ITEM,50,300,COST_ITEM,52,1,COST_ITEM,51,3,ACTOR_UNLOCK_SKILL,11805,,暴击伤害增加20%,ACTOR_LEVEL_GE,40,,COST_ITEM,50,250,COST_ITEM,51,1,COST_ITEM,60,1,,,,生命增加2400,ACTOR_LEVEL_GE,35,,COST_ITEM,50,200,COST_ITEM,51,1,,,,<color=#512820>获得额外效果:攻击十字范围单位造成140%的法术伤害.</c>,ACTOR_LEVEL_GE,30,,COST_ITEM,50,150,LEVELUP_ACTOR_SKILL,11804,,命中率增加4%,ACTOR_LEVEL_GE,1,,COST_ITEM,50,100,,,
228,:,FAIL,ACTOR_PIN_MAX,,,,,<color=#512820>获得额外效果:10%几率对目标造成灼烧.</c>,ACTOR_LEVEL_GE,105,,COST_ITEM,50,2000,COST_ITEM,59,3,COST_ITEM,53,3,COST_ITEM,58,6,COST_ITEM,52,6,LEVELUP_ACTOR_SKILL,12101,,暴击率增加16%,ACTOR_LEVEL_GE,100,,COST_ITEM,50,1500,COST_ITEM,58,3,COST_ITEM,61,3,,,,攻击增加720,ACTOR_LEVEL_GE,95,,COST_ITEM,50,1200,COST_ITEM,58,3,COST_ITEM,52,3,,,,<color=#512820>自身回复生命上限4%<color=#56c718>(8%)</c>的生命值</c>,ACTOR_LEVEL_GE,90,,COST_ITEM,50,1000,COST_ITEM,59,2,COST_ITEM,53,1,COST_ITEM,58,3,COST_ITEM,52,3,LEVELUP_ACTOR_SKILL,12103,,命中率增加8%,ACTOR_LEVEL_GE,85,,COST_ITEM,50,900,COST_ITEM,58,3,COST_ITEM,57,6,COST_ITEM,60,6,,,,攻击增加480,ACTOR_LEVEL_GE,80,,COST_ITEM,50,800,COST_ITEM,58,3,COST_ITEM,57,6,COST_ITEM,51,6,,,,<color=#512820>释放回合:2→<color=#56c718>1</c>.</c>,ACTOR_LEVEL_GE,75,,COST_ITEM,50,700,COST_ITEM,59,1,COST_ITEM,58,3,COST_ITEM,57,6,COST_ITEM,51,6,LEVELUP_ACTOR_SKILL,121022,,抗暴率增加12%,ACTOR_LEVEL_GE,70,,COST_ITEM,50,600,COST_ITEM,57,6,COST_ITEM,60,3,,,,生命增加4800,ACTOR_LEVEL_GE,65,,COST_ITEM,50,500,COST_ITEM,57,6,COST_ITEM,51,3,,,,<color=#512820>初始释放回合:2→<color=#56c718>0</c>.</c>,ACTOR_LEVEL_GE,60,,COST_ITEM,50,450,COST_ITEM,58,1,COST_ITEM,52,1,COST_ITEM,57,6,LEVELUP_ACTOR_SKILL,121021,,暴击率增加12%,ACTOR_LEVEL_GE,55,,COST_ITEM,50,400,COST_ITEM,51,3,,,,生命增加2400,ACTOR_LEVEL_GE,50,,COST_ITEM,50,350,COST_ITEM,57,3,,,,<color=#512820>开启技能:三昧真火</c>,ACTOR_LEVEL_GE,45,,COST_ITEM,50,300,COST_ITEM,58,1,COST_ITEM,57,3,ACTOR_UNLOCK_SKILL,12103,,暴击伤害增加20%,ACTOR_LEVEL_GE,40,,COST_ITEM,50,250,COST_ITEM,57,1,COST_ITEM,51,1,,,,双防增加240,ACTOR_LEVEL_GE,35,,COST_ITEM,50,200,COST_ITEM,57,1,,,,<color=#512820>造成156%<color=#56c718>(185%)</c>的法术伤害</c>,ACTOR_LEVEL_GE,30,,COST_ITEM,50,150,LEVELUP_ACTOR_SKILL,12102,,命中率增加4%,ACTOR_LEVEL_GE,1,,COST_ITEM,50,100,,,
229,,FAIL,ACTOR_PIN_MAX,,,,,<color=#512820>造成88%<color=#56c718>(110%)</c>的法术伤害</c>,ACTOR_LEVEL_GE,105,,COST_ITEM,50,2000,COST_ITEM,59,3,COST_ITEM,62,3,COST_ITEM,58,6,COST_ITEM,61,6,LEVELUP_ACTOR_SKILL,12801,,暴击率增加16%,ACTOR_LEVEL_GE,100,,COST_ITEM,50,1500,COST_ITEM,58,3,COST_ITEM,52,3,,,,双防增加720,ACTOR_LEVEL_GE,95,,COST_ITEM,50,1200,COST_ITEM,58,3,COST_ITEM,61,3,,,,<color=#512820>回合开始时20%<color=#56c718>(50%)</c>几率清除一个自身负面状态</c>,ACTOR_LEVEL_GE,90,,COST_ITEM,50,1000,COST_ITEM,59,2,COST_ITEM,62,1,COST_ITEM,58,3,COST_ITEM,61,3,LEVELUP_ACTOR_SKILL,12803,,命中率增加8%,ACTOR_LEVEL_GE,85,,COST_ITEM,50,900,COST_ITEM,58,3,COST_ITEM,57,6,COST_ITEM,51,6,,,,生命增加4800,ACTOR_LEVEL_GE,80,,COST_ITEM,50,800,COST_ITEM,58,3,COST_ITEM,57,6,COST_ITEM,60,6,,,,<color=#512820>释放回合:2→<color=#56c718>1</c>.</c>,ACTOR_LEVEL_GE,75,,COST_ITEM,50,700,COST_ITEM,59,1,COST_ITEM,58,3,COST_ITEM,57,6,COST_ITEM,60,6,LEVELUP_ACTOR_SKILL,128051,,暴击伤害增加30%,ACTOR_LEVEL_GE,70,,COST_ITEM,50,600,COST_ITEM,57,6,COST_ITEM,51,3,,,,法防增加960,ACTOR_LEVEL_GE,65,,COST_ITEM,50,500,COST_ITEM,57,6,COST_ITEM,60,3,,,,<color=#512820>初始释放回合:2→<color=#56c718>0</c>.</c>,ACTOR_LEVEL_GE,60,,COST_ITEM,50,450,COST_ITEM,58,1,COST_ITEM,61,1,COST_ITEM,57,6,LEVELUP_ACTOR_SKILL,12805,,免伤增加5%,ACTOR_LEVEL_GE,55,,COST_ITEM,50,400,COST_ITEM,60,3,,,,生命增加2400,ACTOR_LEVEL_GE,50,,COST_ITEM,50,350,COST_ITEM,57,3,,,,<color=#512820>开启技能:回溯</c>,ACTOR_LEVEL_GE,45,,COST_ITEM,50,300,COST_ITEM,58,1,COST_ITEM,57,3,ACTOR_UNLOCK_SKILL,12803,,命中率增加4%,ACTOR_LEVEL_GE,40,,COST_ITEM,50,250,COST_ITEM,57,1,COST_ITEM,60,1,,,,攻击增加240,ACTOR_LEVEL_GE,35,,COST_ITEM,50,200,COST_ITEM,57,1,,,,<color=#512820>获得额外效果:并且20%几率驱散敌方单位的所有增益状态.</c>,ACTOR_LEVEL_GE,30,,COST_ITEM,50,150,LEVELUP_ACTOR_SKILL,12802,,闪避率增加4%,ACTOR_LEVEL_GE,1,,COST_ITEM,50,100,,,
230,,FAIL,ACTOR_PIN_MAX,,,,,<color=#512820>造成88%<color=#56c718>(110%)</c>的物理伤害</c>,ACTOR_LEVEL_GE,105,,COST_ITEM,50,2000,COST_ITEM,62,3,COST_ITEM,53,3,COST_ITEM,61,6,COST_ITEM,52,6,LEVELUP_ACTOR_SKILL,11501,,命中率增加8%,ACTOR_LEVEL_GE,100,,COST_ITEM,50,1500,COST_ITEM,61,3,COST_ITEM,58,3,,,,双防增加720,ACTOR_LEVEL_GE,95,,COST_ITEM,50,1200,COST_ITEM,61,3,COST_ITEM,52,3,,,,<color=#512820>暴击伤害提高40%<color=#56c718>(70%)</c></c>,ACTOR_LEVEL_GE,90,,COST_ITEM,50,1000,COST_ITEM,62,2,COST_ITEM,53,1,COST_ITEM,61,3,COST_ITEM,52,3,LEVELUP_ACTOR_SKILL,11503,,闪避率增加8%,ACTOR_LEVEL_GE,85,,COST_ITEM,50,900,COST_ITEM,61,3,COST_ITEM,60,6,COST_ITEM,57,6,,,,物防增加960,ACTOR_LEVEL_GE,80,,COST_ITEM,50,800,COST_ITEM,61,3,COST_ITEM,60,6,COST_ITEM,51,6,,,,<color=#512820>释放回合:2→<color=#56c718>1</c>.</c>,ACTOR_LEVEL_GE,75,,COST_ITEM,50,700,COST_ITEM,62,1,COST_ITEM,61,3,COST_ITEM,60,6,COST_ITEM,51,6,LEVELUP_ACTOR_SKILL,115051,,闪避率增加6%,ACTOR_LEVEL_GE,70,,COST_ITEM,50,600,COST_ITEM,60,6,COST_ITEM,57,3,,,,生命增加4800,ACTOR_LEVEL_GE,65,,COST_ITEM,50,500,COST_ITEM,60,6,COST_ITEM,51,3,,,,<color=#512820>初始释放回合:2→<color=#56c718>0</c>.</c>,ACTOR_LEVEL_GE,60,,COST_ITEM,50,450,COST_ITEM,61,1,COST_ITEM,52,1,COST_ITEM,60,6,LEVELUP_ACTOR_SKILL,11505,,增伤增加5%,ACTOR_LEVEL_GE,55,,COST_ITEM,50,400,COST_ITEM,51,3,,,,生命增加2400,ACTOR_LEVEL_GE,50,,COST_ITEM,50,350,COST_ITEM,60,3,,,,<color=#512820>开启技能:低温</c>,ACTOR_LEVEL_GE,45,,COST_ITEM,50,300,COST_ITEM,61,1,COST_ITEM,60,3,ACTOR_UNLOCK_SKILL,11503,,暴击伤害增加20%,ACTOR_LEVEL_GE,40,,COST_ITEM,50,250,COST_ITEM,60,1,COST_ITEM,51,1,,,,生命增加2400,ACTOR_LEVEL_GE,35,,COST_ITEM,50,200,COST_ITEM,60,1,,,,<color=#512820>对指定竖排目标造成138%<color=#56c718>(166%)</c>的物理伤害</c>,ACTOR_LEVEL_GE,30,,COST_ITEM,50,150,LEVELUP_ACTOR_SKILL,11502,,免伤增加3.3%,ACTOR_LEVEL_GE,1,,COST_ITEM,50,100,,,
301,,FAIL,ACTOR_PIN_MAX,,,,,免伤加1%,ACTOR_LEVEL_GE,105,,COST_ITEM,50,2000,COST_ITEM,62,3,COST_ITEM,59,3,COST_ITEM,61,6,COST_ITEM,58,6,,,,暴击伤害增加40%,ACTOR_LEVEL_GE,100,,COST_ITEM,50,1500,COST_ITEM,61,3,COST_ITEM,52,3,,,,双防增加720,ACTOR_LEVEL_GE,95,,COST_ITEM,50,1200,COST_ITEM,61,3,COST_ITEM,58,3,,,,免伤加1%,ACTOR_LEVEL_GE,90,,COST_ITEM,50,1000,COST_ITEM,62,2,COST_ITEM,59,1,COST_ITEM,61,3,COST_ITEM,58,3,,,,命中率增加8%,ACTOR_LEVEL_GE,85,,COST_ITEM,50,900,COST_ITEM,61,3,COST_ITEM,60,6,COST_ITEM,51,6,,,,攻击增加480,ACTOR_LEVEL_GE,80,,COST_ITEM,50,800,COST_ITEM,61,3,COST_ITEM,60,6,COST_ITEM,57,6,,,,免伤加1%,ACTOR_LEVEL_GE,75,,COST_ITEM,50,700,COST_ITEM,62,1,COST_ITEM,61,3,COST_ITEM,60,6,COST_ITEM,57,6,,,,命中率增加6%,ACTOR_LEVEL_GE,70,,COST_ITEM,50,600,COST_ITEM,60,6,COST_ITEM,51,3,,,,攻击增加480,ACTOR_LEVEL_GE,65,,COST_ITEM,50,500,COST_ITEM,60,6,COST_ITEM,57,3,,,,<color=#512820>无畏:增加9‰攻击力</c>,ACTOR_LEVEL_GE,60,,COST_ITEM,50,450,COST_ITEM,61,1,COST_ITEM,58,1,COST_ITEM,60,6,LEVELUP_ACTOR_SKILL,630002,,闪避率增加6%,ACTOR_LEVEL_GE,55,,COST_ITEM,50,400,COST_ITEM,57,3,,,,生命增加2400,ACTOR_LEVEL_GE,50,,COST_ITEM,50,350,COST_ITEM,60,3,,,,<color=#512820>开启技能:无畏</c>,ACTOR_LEVEL_GE,45,,COST_ITEM,50,300,COST_ITEM,61,1,COST_ITEM,60,3,ACTOR_UNLOCK_SKILL,630002,,命中率增加4%,ACTOR_LEVEL_GE,40,,COST_ITEM,50,250,COST_ITEM,60,1,COST_ITEM,57,1,,,,攻击增加240,ACTOR_LEVEL_GE,35,,COST_ITEM,50,200,COST_ITEM,60,1,,,,<color=#512820>初始释放回合:2→<color=#56c718>0</c>.</c>,ACTOR_LEVEL_GE,30,,COST_ITEM,50,150,LEVELUP_ACTOR_SKILL,14202,,抗暴率增加8%,ACTOR_LEVEL_GE,1,,COST_ITEM,50,100,,,
302,无畏:增加9%攻击力,FAIL,ACTOR_PIN_MAX,,,,,免伤加1%,ACTOR_LEVEL_GE,105,,COST_ITEM,50,2000,COST_ITEM,56,3,COST_ITEM,59,3,COST_ITEM,55,6,COST_ITEM,58,6,,,,命中率增加8%,ACTOR_LEVEL_GE,100,,COST_ITEM,50,1500,COST_ITEM,55,3,COST_ITEM,61,3,,,,物防增加1440,ACTOR_LEVEL_GE,95,,COST_ITEM,50,1200,COST_ITEM,55,3,COST_ITEM,58,3,,,,免伤加1%,ACTOR_LEVEL_GE,90,,COST_ITEM,50,1000,COST_ITEM,56,2,COST_ITEM,59,1,COST_ITEM,55,3,COST_ITEM,58,3,,,,暴击伤害增加40%,ACTOR_LEVEL_GE,85,,COST_ITEM,50,900,COST_ITEM,55,3,COST_ITEM,54,6,COST_ITEM,60,6,,,,法防增加960,ACTOR_LEVEL_GE,80,,COST_ITEM,50,800,COST_ITEM,55,3,COST_ITEM,54,6,COST_ITEM,57,6,,,,免伤加1%,ACTOR_LEVEL_GE,75,,COST_ITEM,50,700,COST_ITEM,56,1,COST_ITEM,55,3,COST_ITEM,54,6,COST_ITEM,57,6,,,,免伤增加5%,ACTOR_LEVEL_GE,70,,COST_ITEM,50,600,COST_ITEM,54,6,COST_ITEM,60,3,,,,双防增加480,ACTOR_LEVEL_GE,65,,COST_ITEM,50,500,COST_ITEM,54,6,COST_ITEM,57,3,,,,<color=#512820>无畏:增加9‰攻击力</c>,ACTOR_LEVEL_GE,60,,COST_ITEM,50,450,COST_ITEM,55,1,COST_ITEM,58,1,COST_ITEM,54,6,LEVELUP_ACTOR_SKILL,630002,,暴击率增加12%,ACTOR_LEVEL_GE,55,,COST_ITEM,50,400,COST_ITEM,57,3,,,,物防增加480,ACTOR_LEVEL_GE,50,,COST_ITEM,50,350,COST_ITEM,54,3,,,,<color=#512820>开启技能:无畏</c>,ACTOR_LEVEL_GE,45,,COST_ITEM,50,300,COST_ITEM,55,1,COST_ITEM,54,3,ACTOR_UNLOCK_SKILL,630002,,抗暴率增加8%,ACTOR_LEVEL_GE,40,,COST_ITEM,50,250,COST_ITEM,54,1,COST_ITEM,57,1,,,,生命增加2400,ACTOR_LEVEL_GE,35,,COST_ITEM,50,200,COST_ITEM,54,1,,,,<color=#512820>初始释放回合:2→<color=#56c718>0</c>.</c>,ACTOR_LEVEL_GE,30,,COST_ITEM,50,150,LEVELUP_ACTOR_SKILL,14302,,暴击伤害增加20%,ACTOR_LEVEL_GE,1,,COST_ITEM,50,100,,,
303,,FAIL,ACTOR_PIN_MAX,,,,,免伤加1%,ACTOR_LEVEL_GE,105,,COST_ITEM,50,2000,COST_ITEM,56,3,COST_ITEM,62,3,COST_ITEM,55,6,COST_ITEM,61,6,,,,命中率增加8%,ACTOR_LEVEL_GE,100,,COST_ITEM,50,1500,COST_ITEM,55,3,COST_ITEM,58,3,,,,攻击增加720,ACTOR_LEVEL_GE,95,,COST_ITEM,50,1200,COST_ITEM,55,3,COST_ITEM,61,3,,,,免伤加1%,ACTOR_LEVEL_GE,90,,COST_ITEM,50,1000,COST_ITEM,56,2,COST_ITEM,62,1,COST_ITEM,55,3,COST_ITEM,61,3,,,,抗暴率增加16%,ACTOR_LEVEL_GE,85,,COST_ITEM,50,900,COST_ITEM,55,3,COST_ITEM,54,6,COST_ITEM,57,6,,,,法防增加960,ACTOR_LEVEL_GE,80,,COST_ITEM,50,800,COST_ITEM,55,3,COST_ITEM,54,6,COST_ITEM,60,6,,,,免伤加1%,ACTOR_LEVEL_GE,75,,COST_ITEM,50,700,COST_ITEM,56,1,COST_ITEM,55,3,COST_ITEM,54,6,COST_ITEM,60,6,,,,暴击率增加12%,ACTOR_LEVEL_GE,70,,COST_ITEM,50,600,COST_ITEM,54,6,COST_ITEM,57,3,,,,物防增加960,ACTOR_LEVEL_GE,65,,COST_ITEM,50,500,COST_ITEM,54,6,COST_ITEM,60,3,,,,<color=#512820>归元:增加13‰生命</c>,ACTOR_LEVEL_GE,60,,COST_ITEM,50,450,COST_ITEM,55,1,COST_ITEM,61,1,COST_ITEM,54,6,LEVELUP_ACTOR_SKILL,630001,,闪避率增加6%,ACTOR_LEVEL_GE,55,,COST_ITEM,50,400,COST_ITEM,60,3,,,,物防增加480,ACTOR_LEVEL_GE,50,,COST_ITEM,50,350,COST_ITEM,54,3,,,,<color=#512820>开启技能:归元</c>,ACTOR_LEVEL_GE,45,,COST_ITEM,50,300,COST_ITEM,55,1,COST_ITEM,54,3,ACTOR_UNLOCK_SKILL,630001,,暴击伤害增加20%,ACTOR_LEVEL_GE,40,,COST_ITEM,50,250,COST_ITEM,54,1,COST_ITEM,60,1,,,,法防增加480,ACTOR_LEVEL_GE,35,,COST_ITEM,50,200,COST_ITEM,54,1,,,,<color=#512820>初始释放回合:2→<color=#56c718>0</c>.</c>,ACTOR_LEVEL_GE,30,,COST_ITEM,50,150,LEVELUP_ACTOR_SKILL,14402,,命中率增加4%,ACTOR_LEVEL_GE,1,,COST_ITEM,50,100,,,
304,,FAIL,ACTOR_PIN_MAX,,,,,免伤加1%,ACTOR_LEVEL_GE,105,,COST_ITEM,50,2000,COST_ITEM,59,3,COST_ITEM,56,3,COST_ITEM,58,6,COST_ITEM,55,6,,,,闪避率增加8%,ACTOR_LEVEL_GE,100,,COST_ITEM,50,1500,COST_ITEM,58,3,COST_ITEM,61,3,,,,物防增加1440,ACTOR_LEVEL_GE,95,,COST_ITEM,50,1200,COST_ITEM,58,3,COST_ITEM,55,3,,,,免伤加1%,ACTOR_LEVEL_GE,90,,COST_ITEM,50,1000,COST_ITEM,59,2,COST_ITEM,56,1,COST_ITEM,58,3,COST_ITEM,55,3,,,,抗暴率增加16%,ACTOR_LEVEL_GE,85,,COST_ITEM,50,900,COST_ITEM,58,3,COST_ITEM,57,6,COST_ITEM,60,6,,,,法防增加960,ACTOR_LEVEL_GE,80,,COST_ITEM,50,800,COST_ITEM,58,3,COST_ITEM,57,6,COST_ITEM,54,6,,,,免伤加1%,ACTOR_LEVEL_GE,75,,COST_ITEM,50,700,COST_ITEM,59,1,COST_ITEM,58,3,COST_ITEM,57,6,COST_ITEM,54,6,,,,增伤增加5%,ACTOR_LEVEL_GE,70,,COST_ITEM,50,600,COST_ITEM,57,6,COST_ITEM,60,3,,,,攻击增加480,ACTOR_LEVEL_GE,65,,COST_ITEM,50,500,COST_ITEM,57,6,COST_ITEM,54,3,,,,<color=#512820>千钧:增加80‰暴击伤害</c>,ACTOR_LEVEL_GE,60,,COST_ITEM,50,450,COST_ITEM,58,1,COST_ITEM,55,1,COST_ITEM,57,6,LEVELUP_ACTOR_SKILL,630006,,增伤增加5%,ACTOR_LEVEL_GE,55,,COST_ITEM,50,400,COST_ITEM,54,3,,,,生命增加2400,ACTOR_LEVEL_GE,50,,COST_ITEM,50,350,COST_ITEM,57,3,,,,<color=#512820>开启技能:千钧</c>,ACTOR_LEVEL_GE,45,,COST_ITEM,50,300,COST_ITEM,58,1,COST_ITEM,57,3,ACTOR_UNLOCK_SKILL,630006,,命中率增加4%,ACTOR_LEVEL_GE,40,,COST_ITEM,50,250,COST_ITEM,57,1,COST_ITEM,54,1,,,,物防增加480,ACTOR_LEVEL_GE,35,,COST_ITEM,50,200,COST_ITEM,57,1,,,,<color=#512820>初始释放回合:2→<color=#56c718>0</c>.</c>,ACTOR_LEVEL_GE,30,,COST_ITEM,50,150,LEVELUP_ACTOR_SKILL,14502,,命中率增加4%,ACTOR_LEVEL_GE,1,,COST_ITEM,50,100,,,
305,,FAIL,ACTOR_PIN_MAX,,,,,免伤加1%,ACTOR_LEVEL_GE,105,,COST_ITEM,50,2000,COST_ITEM,59,3,COST_ITEM,62,3,COST_ITEM,58,6,COST_ITEM,61,6,,,,暴击伤害增加40%,ACTOR_LEVEL_GE,100,,COST_ITEM,50,1500,COST_ITEM,58,3,COST_ITEM,55,3,,,,生命增加7200,ACTOR_LEVEL_GE,95,,COST_ITEM,50,1200,COST_ITEM,58,3,COST_ITEM,61,3,,,,免伤加1%,ACTOR_LEVEL_GE,90,,COST_ITEM,50,1000,COST_ITEM,59,2,COST_ITEM,62,1,COST_ITEM,58,3,COST_ITEM,61,3,,,,命中率增加8%,ACTOR_LEVEL_GE,85,,COST_ITEM,50,900,COST_ITEM,58,3,COST_ITEM,57,6,COST_ITEM,54,6,,,,生命增加4800,ACTOR_LEVEL_GE,80,,COST_ITEM,50,800,COST_ITEM,58,3,COST_ITEM,57,6,COST_ITEM,60,6,,,,免伤加1%,ACTOR_LEVEL_GE,75,,COST_ITEM,50,700,COST_ITEM,59,1,COST_ITEM,58,3,COST_ITEM,57,6,COST_ITEM,60,6,,,,暴击率增加12%,ACTOR_LEVEL_GE,70,,COST_ITEM,50,600,COST_ITEM,57,6,COST_ITEM,54,3,,,,双防增加480,ACTOR_LEVEL_GE,65,,COST_ITEM,50,500,COST_ITEM,57,6,COST_ITEM,60,3,,,,<color=#512820>无畏:增加9‰攻击力</c>,ACTOR_LEVEL_GE,60,,COST_ITEM,50,450,COST_ITEM,58,1,COST_ITEM,61,1,COST_ITEM,57,6,LEVELUP_ACTOR_SKILL,630002,,闪避率增加6%,ACTOR_LEVEL_GE,55,,COST_ITEM,50,400,COST_ITEM,60,3,,,,攻击增加240,ACTOR_LEVEL_GE,50,,COST_ITEM,50,350,COST_ITEM,57,3,,,,<color=#512820>开启技能:无畏</c>,ACTOR_LEVEL_GE,45,,COST_ITEM,50,300,COST_ITEM,58,1,COST_ITEM,57,3,ACTOR_UNLOCK_SKILL,630002,,暴击伤害增加20%,ACTOR_LEVEL_GE,40,,COST_ITEM,50,250,COST_ITEM,57,1,COST_ITEM,60,1,,,,双防增加240,ACTOR_LEVEL_GE,35,,COST_ITEM,50,200,COST_ITEM,57,1,,,,<color=#512820>初始释放回合:2→<color=#56c718>0</c>.</c>,ACTOR_LEVEL_GE,30,,COST_ITEM,50,150,LEVELUP_ACTOR_SKILL,14602,,暴击伤害增加20%,ACTOR_LEVEL_GE,1,,COST_ITEM,50,100,,,
306,,FAIL,ACTOR_PIN_MAX,,,,,免伤加1%,ACTOR_LEVEL_GE,105,,COST_ITEM,50,2000,COST_ITEM,62,3,COST_ITEM,56,3,COST_ITEM,61,6,COST_ITEM,55,6,,,,抗暴率增加16%,ACTOR_LEVEL_GE,100,,COST_ITEM,50,1500,COST_ITEM,61,3,COST_ITEM,58,3,,,,法防增加1440,ACTOR_LEVEL_GE,95,,COST_ITEM,50,1200,COST_ITEM,61,3,COST_ITEM,55,3,,,,免伤加1%,ACTOR_LEVEL_GE,90,,COST_ITEM,50,1000,COST_ITEM,62,2,COST_ITEM,56,1,COST_ITEM,61,3,COST_ITEM,55,3,,,,暴击伤害增加40%,ACTOR_LEVEL_GE,85,,COST_ITEM,50,900,COST_ITEM,61,3,COST_ITEM,60,6,COST_ITEM,57,6,,,,生命增加4800,ACTOR_LEVEL_GE,80,,COST_ITEM,50,800,COST_ITEM,61,3,COST_ITEM,60,6,COST_ITEM,54,6,,,,免伤加1%,ACTOR_LEVEL_GE,75,,COST_ITEM,50,700,COST_ITEM,62,1,COST_ITEM,61,3,COST_ITEM,60,6,COST_ITEM,54,6,,,,命中率增加6%,ACTOR_LEVEL_GE,70,,COST_ITEM,50,600,COST_ITEM,60,6,COST_ITEM,57,3,,,,攻击增加480,ACTOR_LEVEL_GE,65,,COST_ITEM,50,500,COST_ITEM,60,6,COST_ITEM,54,3,,,,<color=#512820>无畏:增加9‰攻击力</c>,ACTOR_LEVEL_GE,60,,COST_ITEM,50,450,COST_ITEM,61,1,COST_ITEM,55,1,COST_ITEM,60,6,LEVELUP_ACTOR_SKILL,630002,,闪避率增加6%,ACTOR_LEVEL_GE,55,,COST_ITEM,50,400,COST_ITEM,54,3,,,,生命增加2400,ACTOR_LEVEL_GE,50,,COST_ITEM,50,350,COST_ITEM,60,3,,,,<color=#512820>开启技能:无畏</c>,ACTOR_LEVEL_GE,45,,COST_ITEM,50,300,COST_ITEM,61,1,COST_ITEM,60,3,ACTOR_UNLOCK_SKILL,630002,,抗暴率增加8%,ACTOR_LEVEL_GE,40,,COST_ITEM,50,250,COST_ITEM,60,1,COST_ITEM,54,1,,,,物防增加480,ACTOR_LEVEL_GE,35,,COST_ITEM,50,200,COST_ITEM,60,1,,,,<color=#512820>初始释放回合:2→<color=#56c718>0</c>.</c>,ACTOR_LEVEL_GE,30,,COST_ITEM,50,150,LEVELUP_ACTOR_SKILL,14702,,抗暴率增加8%,ACTOR_LEVEL_GE,1,,COST_ITEM,50,100,,,
307,,FAIL,ACTOR_PIN_MAX,,,,,免伤加1%,ACTOR_LEVEL_GE,105,,COST_ITEM,50,2000,COST_ITEM,62,3,COST_ITEM,59,3,COST_ITEM,61,6,COST_ITEM,58,6,,,,抗暴率增加16%,ACTOR_LEVEL_GE,100,,COST_ITEM,50,1500,COST_ITEM,61,3,COST_ITEM,55,3,,,,生命增加7200,ACTOR_LEVEL_GE,95,,COST_ITEM,50,1200,COST_ITEM,61,3,COST_ITEM,58,3,,,,免伤加1%,ACTOR_LEVEL_GE,90,,COST_ITEM,50,1000,COST_ITEM,62,2,COST_ITEM,59,1,COST_ITEM,61,3,COST_ITEM,58,3,,,,命中率增加8%,ACTOR_LEVEL_GE,85,,COST_ITEM,50,900,COST_ITEM,61,3,COST_ITEM,60,6,COST_ITEM,54,6,,,,物防增加960,ACTOR_LEVEL_GE,80,,COST_ITEM,50,800,COST_ITEM,61,3,COST_ITEM,60,6,COST_ITEM,57,6,,,,免伤加1%,ACTOR_LEVEL_GE,75,,COST_ITEM,50,700,COST_ITEM,62,1,COST_ITEM,61,3,COST_ITEM,60,6,COST_ITEM,57,6,,,,免伤增加5%,ACTOR_LEVEL_GE,70,,COST_ITEM,50,600,COST_ITEM,60,6,COST_ITEM,54,3,,,,法防增加960,ACTOR_LEVEL_GE,65,,COST_ITEM,50,500,COST_ITEM,60,6,COST_ITEM,57,3,,,,<color=#512820>无畏:增加9‰攻击力</c>,ACTOR_LEVEL_GE,60,,COST_ITEM,50,450,COST_ITEM,61,1,COST_ITEM,58,1,COST_ITEM,60,6,LEVELUP_ACTOR_SKILL,630002,,暴击伤害增加30%,ACTOR_LEVEL_GE,55,,COST_ITEM,50,400,COST_ITEM,57,3,,,,双防增加240,ACTOR_LEVEL_GE,50,,COST_ITEM,50,350,COST_ITEM,60,3,,,,<color=#512820>开启技能:无畏</c>,ACTOR_LEVEL_GE,45,,COST_ITEM,50,300,COST_ITEM,61,1,COST_ITEM,60,3,ACTOR_UNLOCK_SKILL,630002,,暴击率增加8%,ACTOR_LEVEL_GE,40,,COST_ITEM,50,250,COST_ITEM,60,1,COST_ITEM,57,1,,,,生命增加2400,ACTOR_LEVEL_GE,35,,COST_ITEM,50,200,COST_ITEM,60,1,,,,<color=#512820>初始释放回合:2→<color=#56c718>0</c>.</c>,ACTOR_LEVEL_GE,30,,COST_ITEM,50,150,LEVELUP_ACTOR_SKILL,14802,,命中率增加4%,ACTOR_LEVEL_GE,1,,COST_ITEM,50,100,,,
308,,FAIL,ACTOR_PIN_MAX,,,,,免伤加1%,ACTOR_LEVEL_GE,105,,COST_ITEM,50,2000,COST_ITEM,59,3,COST_ITEM,62,3,COST_ITEM,58,6,COST_ITEM,61,6,,,,免伤增加6.7%,ACTOR_LEVEL_GE,100,,COST_ITEM,50,1500,COST_ITEM,58,3,COST_ITEM,55,3,,,,生命增加7200,ACTOR_LEVEL_GE,95,,COST_ITEM,50,1200,COST_ITEM,58,3,COST_ITEM,61,3,,,,免伤加1%,ACTOR_LEVEL_GE,90,,COST_ITEM,50,1000,COST_ITEM,59,2,COST_ITEM,62,1,COST_ITEM,58,3,COST_ITEM,61,3,,,,暴击伤害增加40%,ACTOR_LEVEL_GE,85,,COST_ITEM,50,900,COST_ITEM,58,3,COST_ITEM,57,6,COST_ITEM,54,6,,,,攻击增加480,ACTOR_LEVEL_GE,80,,COST_ITEM,50,800,COST_ITEM,58,3,COST_ITEM,57,6,COST_ITEM,60,6,,,,免伤加1%,ACTOR_LEVEL_GE,75,,COST_ITEM,50,700,COST_ITEM,59,1,COST_ITEM,58,3,COST_ITEM,57,6,COST_ITEM,60,6,,,,命中率增加6%,ACTOR_LEVEL_GE,70,,COST_ITEM,50,600,COST_ITEM,57,6,COST_ITEM,54,3,,,,法防增加960,ACTOR_LEVEL_GE,65,,COST_ITEM,50,500,COST_ITEM,57,6,COST_ITEM,60,3,,,,<color=#512820>无畏:增加9‰攻击力</c>,ACTOR_LEVEL_GE,60,,COST_ITEM,50,450,COST_ITEM,58,1,COST_ITEM,61,1,COST_ITEM,57,6,LEVELUP_ACTOR_SKILL,630002,,暴击率增加12%,ACTOR_LEVEL_GE,55,,COST_ITEM,50,400,COST_ITEM,60,3,,,,生命增加2400,ACTOR_LEVEL_GE,50,,COST_ITEM,50,350,COST_ITEM,57,3,,,,<color=#512820>开启技能:无畏</c>,ACTOR_LEVEL_GE,45,,COST_ITEM,50,300,COST_ITEM,58,1,COST_ITEM,57,3,ACTOR_UNLOCK_SKILL,630002,,命中率增加4%,ACTOR_LEVEL_GE,40,,COST_ITEM,50,250,COST_ITEM,57,1,COST_ITEM,60,1,,,,物防增加480,ACTOR_LEVEL_GE,35,,COST_ITEM,50,200,COST_ITEM,57,1,,,,<color=#512820>初始释放回合:2→<color=#56c718>0</c>.</c>,ACTOR_LEVEL_GE,30,,COST_ITEM,50,150,LEVELUP_ACTOR_SKILL,14902,,暴击率增加8%,ACTOR_LEVEL_GE,1,,COST_ITEM,50,100,,,
309,,FAIL,ACTOR_PIN_MAX,,,,,免伤加1%,ACTOR_LEVEL_GE,105,,COST_ITEM,50,2000,COST_ITEM,62,3,COST_ITEM,56,3,COST_ITEM,61,6,COST_ITEM,55,6,,,,抗暴率增加16%,ACTOR_LEVEL_GE,100,,COST_ITEM,50,1500,COST_ITEM,61,3,COST_ITEM,58,3,,,,双防增加720,ACTOR_LEVEL_GE,95,,COST_ITEM,50,1200,COST_ITEM,61,3,COST_ITEM,55,3,,,,免伤加1%,ACTOR_LEVEL_GE,90,,COST_ITEM,50,1000,COST_ITEM,62,2,COST_ITEM,56,1,COST_ITEM,61,3,COST_ITEM,55,3,,,,抗暴率增加16%,ACTOR_LEVEL_GE,85,,COST_ITEM,50,900,COST_ITEM,61,3,COST_ITEM,60,6,COST_ITEM,57,6,,,,双防增加480,ACTOR_LEVEL_GE,80,,COST_ITEM,50,800,COST_ITEM,61,3,COST_ITEM,60,6,COST_ITEM,54,6,,,,免伤加1%,ACTOR_LEVEL_GE,75,,COST_ITEM,50,700,COST_ITEM,62,1,COST_ITEM,61,3,COST_ITEM,60,6,COST_ITEM,54,6,,,,增伤增加5%,ACTOR_LEVEL_GE,70,,COST_ITEM,50,600,COST_ITEM,60,6,COST_ITEM,57,3,,,,法防增加960,ACTOR_LEVEL_GE,65,,COST_ITEM,50,500,COST_ITEM,60,6,COST_ITEM,54,3,,,,<color=#512820>千钧:增加80‰暴击伤害</c>,ACTOR_LEVEL_GE,60,,COST_ITEM,50,450,COST_ITEM,61,1,COST_ITEM,55,1,COST_ITEM,60,6,LEVELUP_ACTOR_SKILL,630006,,免伤增加5%,ACTOR_LEVEL_GE,55,,COST_ITEM,50,400,COST_ITEM,54,3,,,,攻击增加240,ACTOR_LEVEL_GE,50,,COST_ITEM,50,350,COST_ITEM,60,3,,,,<color=#512820>开启技能:千钧</c>,ACTOR_LEVEL_GE,45,,COST_ITEM,50,300,COST_ITEM,61,1,COST_ITEM,60,3,ACTOR_UNLOCK_SKILL,630006,,抗暴率增加8%,ACTOR_LEVEL_GE,40,,COST_ITEM,50,250,COST_ITEM,60,1,COST_ITEM,54,1,,,,攻击增加240,ACTOR_LEVEL_GE,35,,COST_ITEM,50,200,COST_ITEM,60,1,,,,<color=#512820>初始释放回合:2→<color=#56c718>0</c>.</c>,ACTOR_LEVEL_GE,30,,COST_ITEM,50,150,LEVELUP_ACTOR_SKILL,15002,,免伤增加3.3%,ACTOR_LEVEL_GE,1,,COST_ITEM,50,100,,,
310,,FAIL,ACTOR_PIN_MAX,,,,,免伤加1%,ACTOR_LEVEL_GE,105,,COST_ITEM,50,2000,COST_ITEM,62,3,COST_ITEM,59,3,COST_ITEM,61,6,COST_ITEM,58,6,,,,暴击率增加16%,ACTOR_LEVEL_GE,100,,COST_ITEM,50,1500,COST_ITEM,61,3,COST_ITEM,55,3,,,,攻击增加720,ACTOR_LEVEL_GE,95,,COST_ITEM,50,1200,COST_ITEM,61,3,COST_ITEM,58,3,,,,免伤加1%,ACTOR_LEVEL_GE,90,,COST_ITEM,50,1000,COST_ITEM,62,2,COST_ITEM,59,1,COST_ITEM,61,3,COST_ITEM,58,3,,,,暴击伤害增加40%,ACTOR_LEVEL_GE,85,,COST_ITEM,50,900,COST_ITEM,61,3,COST_ITEM,60,6,COST_ITEM,54,6,,,,法防增加960,ACTOR_LEVEL_GE,80,,COST_ITEM,50,800,COST_ITEM,61,3,COST_ITEM,60,6,COST_ITEM,57,6,,,,免伤加1%,ACTOR_LEVEL_GE,75,,COST_ITEM,50,700,COST_ITEM,62,1,COST_ITEM,61,3,COST_ITEM,60,6,COST_ITEM,57,6,,,,命中率增加6%,ACTOR_LEVEL_GE,70,,COST_ITEM,50,600,COST_ITEM,60,6,COST_ITEM,54,3,,,,攻击增加480,ACTOR_LEVEL_GE,65,,COST_ITEM,50,500,COST_ITEM,60,6,COST_ITEM,57,3,,,,<color=#512820>玄甲:增加24‰双防</c>,ACTOR_LEVEL_GE,60,,COST_ITEM,50,450,COST_ITEM,61,1,COST_ITEM,58,1,COST_ITEM,60,6,LEVELUP_ACTOR_SKILL,630003,,闪避率增加6%,ACTOR_LEVEL_GE,55,,COST_ITEM,50,400,COST_ITEM,57,3,,,,生命增加2400,ACTOR_LEVEL_GE,50,,COST_ITEM,50,350,COST_ITEM,60,3,,,,<color=#512820>开启技能:玄甲</c>,ACTOR_LEVEL_GE,45,,COST_ITEM,50,300,COST_ITEM,61,1,COST_ITEM,60,3,ACTOR_UNLOCK_SKILL,630003,,抗暴率增加8%,ACTOR_LEVEL_GE,40,,COST_ITEM,50,250,COST_ITEM,60,1,COST_ITEM,57,1,,,,双防增加240,ACTOR_LEVEL_GE,35,,COST_ITEM,50,200,,,,,,,<color=#512820>初始释放回合:2→<color=#56c718>0</c>.</c>,ACTOR_LEVEL_GE,30,,COST_ITEM,50,150,LEVELUP_ACTOR_SKILL,15102,,免伤增加3.3%,ACTOR_LEVEL_GE,1,,COST_ITEM,50,100,,,
