id,score_factors.type,score_factors.value,score_factors.invisible,score_factors.type,score_factors.value,score_factors.invisible,score_factors.type,score_factors.value,score_factors.invisible,score_factors.type,score_factors.value,score_factors.invisible,score_factors.type,score_factors.value,score_factors.invisible,standards,standards,open_plot,end_plot,end_plot,end_plot
1,FG_SHENGDIAN,2000,,HZ_FANHUA,1600,,HZ_RUYADUANZHUANG,1400,,FG_GUANCHANG,1000,,,,,3800,2800,110,120,130,140
2,FG_XIUXIAN,1800,,HZ_JIANYUE,2000,,HZ_QINGCHUN,1400,,HZ_RUYADUANZHUANG,600,,,,,4500,3500,200,210,220,230
3,HZ_RUYADUANZHUANG,3000,,HZ_FANHUA,2000,,HZ_QINGCHUN,2000,,HZ_CAIZIJIAREN,2000,,,,,3700,2800,330,340,350,360
4,FG_WUYI,2000,,HZ_QINGCHUN,1800,,HZ_HUOPO,1400,,HZ_FANHUA,1200,,FG_XIJU,1000,True,5500,4200,430,440,450,460
5,HZ_YONGMENGYINGZI,3000,,HZ_JIANYUE,3000,,FG_YEXING,2600,,,,,,,,4500,3800,530,540,550,560
6,HZ_YONGMENGYINGZI,3000,,HZ_FANHUA,2500,,HZ_CHENGSHU,2500,,HZ_CAIZIJIAREN,1500,,,,,3500,3000,650,660,670,680
7,FG_GUANCHANG,2000,,HZ_FANHUA,1800,,HZ_CAIZIJIAREN,1400,,YS_WHITE,1200,,,,,4500,3800,720,730,740,750
8,FG_XIUXIAN,2000,,HZ_JIANYUE,1800,,HZ_HUOPO,1400,,,,,,,,4500,3800,840,850,860,870
9,FG_YEXING,3000,,HZ_FENGLIUWUMEI,2500,,HZ_QINGLIANG,2000,,,,,,,,3800,2800,920,930,940,950
10,FG_YUANYOU,2000,,HZ_CHENGSHU,1800,,HZ_RUYADUANZHUANG,1400,,FG_SHENGDIAN,1200,,,,,4500,3800,1030,1040,1050,1060
11,HZ_YONGMENGYINGZI,2500,,HZ_CHENGSHU,1800,,HZ_JIANYUE,1400,,,,,,,,3800,2800,1130,1140,1150,1160
12,FG_YUNDONG,2000,,FG_XIUXIAN,1800,,HZ_RUYADUANZHUANG,1400,,HZ_CHENGSHU,1200,,,,,5000,3500,1220,1230,1240,1250
13,HZ_RUYADUANZHUANG,2500,,HZ_BAONUAN,1800,,HZ_FANHUA,1400,,,,,,,,3800,2800,1320,1330,1340,1350
14,FG_XIUXIAN,1800,,HZ_JIANYUE,2000,,HZ_CHENGSHU,1400,,HZ_RUYADUANZHUANG,600,,,,,4500,3500,1430,1440,1450,1460
15,HZ_CAIZIJIAREN,2500,,HZ_RUYADUANZHUANG,1800,,HZ_JIANYUE,1400,,,,,,,,3800,2800,1540,1550,1560,1570
16,HZ_QINGLIANG,2000,,FG_XIUXIAN,1800,,HZ_FANHUA,1400,,,,,,,,4700,3800,1640,1650,1660,1670
17,HZ_RUYADUANZHUANG,2000,,FG_XIUXIAN,1800,,HZ_CHENGSHU,1400,,HZ_JIANYUE,1200,,,,,5500,4500,1750,1760,1770,1780
18,HZ_JIANYUE,2000,,HZ_YONGMENGYINGZI,1800,,FG_JIANGHU,1400,,,,,,,,6000,4800,1870,1880,1890,1900
19,HZ_FENGLIUWUMEI,2000,,HZ_FANHUA,1800,,FG_XIUXIAN,1400,,,,,,,,4500,3200,2030,2040,2050,2060
20,FG_ZHENGZHAN,2000,,HZ_YONGMENGYINGZI,1800,,HZ_CHENGSHU,1400,,,,,,,,5800,3800,2130,2140,2150,2160
21,HZ_FANHUA,2500,,HZ_RUYADUANZHUANG,1800,,HZ_QINGCHUN,1400,,,,,,,,4000,3400,2260,2270,2280,2290
22,FG_GUANCHANG,2500,,HZ_QINGCHUN,1800,,HZ_HUOPO,1400,,,,,,,,8000,6000,2340,2350,2360,2370
23,FG_XIUXIAN,3000,,HZ_JIANYUE,3000,,HZ_CHENGSHU,2600,,,,,,,,7000,5500,2440,2450,2460,2470
24,FG_XIUXIAN,3000,,HZ_JIANYUE,3000,,HZ_HUOPO,2600,,,,,,,,7000,5500,2640,2650,2660,2670
25,FG_JIANGHU,2500,,HZ_CHENGSHU,1800,,HZ_QINGCHUN,1400,,,,,,,,8000,6000,2850,2860,2870,2880
26,FG_GUANCHANG,2500,,HZ_RUYADUANZHUANG,1800,,HZ_QINGLIANG,1400,,,,,,,,8000,6000,3040,3050,3060,3070
27,FG_ZHENGZHAN,3000,,HZ_YONGMENGYINGZI,2600,,HZ_CHENGSHU,2000,,,,,,,,8000,6000,3250,3260,3270,3280
28,FG_SHENGDIAN,3000,,HZ_HUOPO,3000,,HZ_QINGCHUN,2000,,,,,,,,8000,6000,3450,3460,3470,3480
29,FG_GUANCHANG,2500,,HZ_FANHUA,1800,,HZ_FENGLIUWUMEI,1400,,,,,,,,8000,6000,3520,3530,3540,3550
30,FG_SHUMO,2500,,HZ_FANHUA,1800,,HZ_CHENGSHU,1400,,,,,,,,8000,6000,3640,3650,3660,3670
31,FG_GUANCHANG,2500,,HZ_FENGLIUWUMEI,1800,,HZ_FANHUA,1400,,,,,,,,8000,6000,3730,3740,3750,3760
50001,FG_YEXING,2000,,HZ_BAONUAN,1800,,HZ_RUYADUANZHUANG,1400,,,,,,,,3800,2800,10310,10320,10330,10340
50002,FG_YUANYOU,2000,,HZ_BAONUAN,1800,,HZ_RUYADUANZHUANG,1400,,,,,,,,3800,2800,10610,10620,10630,10640
50003,FG_YEXING,2000,,HZ_FENGLIUWUMEI,1800,,HZ_QINGLIANG,1400,,,,,,,,3800,2800,10680,10690,10700,10710
50004,FG_SHENGDIAN,2000,,HZ_FANHUA,1800,,HZ_FENGLIUWUMEI,1400,,,,,,,,3800,2800,10820,10830,10840,10850
50005,FG_XIUXIAN,2000,,HZ_JIANYUE,1800,,HZ_RUYADUANZHUANG,1400,,,,,,,,3800,2800,11020,11030,11040,11050
50006,FG_JIANGHU,2000,,HZ_JIANYUE,1800,,HZ_QINGCHUN,1400,,,,,,,,3800,2800,11130,11140,11150,11160
50007,FG_YUANYOU,2000,,HZ_FANHUA,1800,,HZ_RUYADUANZHUANG,1400,,,,,,,,3800,2800,11320,11330,11340,11350
50008,FG_SHUMO,2000,,HZ_CHENGSHU,1800,,HZ_RUYADUANZHUANG,1400,,,,,,,,3800,2800,11420,11430,11440,11450
50009,FG_XIUXIAN,2000,,HZ_JIANYUE,1800,,HZ_QINGCHUN,1400,,,,,,,,3800,2800,11530,11540,11550,11560
50010,FG_SHUMO,2000,,HZ_JIANYUE,1800,,HZ_RUYADUANZHUANG,1400,,,,,,,,3800,2800,11620,11630,11640,11650
50011,FG_GUANCHANG,2000,,HZ_RUYADUANZHUANG,1800,,HZ_CHENGSHU,1400,,,,,,,,3800,2800,11710,11720,11730,11740
50012,FG_SHOULIE,2000,,HZ_HUOPO,1800,,HZ_QINGLIANG,1400,,,,,,,,3800,2800,11750,11760,11770,11780
50013,FG_ZOUYUE,2000,,HZ_RUYADUANZHUANG,1800,,HZ_FANHUA,1400,,,,,,,,3800,2800,11790,11800,11810,11820
50014,FG_XIUXIAN,2000,,HZ_JIANYUE,1800,,HZ_CHENGSHU,1400,,,,,,,,3800,2800,11830,11840,11850,11860
50015,FG_SHENGDIAN,2000,,HZ_FANHUA,1800,,HZ_FENGLIUWUMEI,1400,,,,,,,,3800,2800,11870,11880,11890,11900
50016,FG_SHUMO,2000,,HZ_JIANYUE,1800,,HZ_RUYADUANZHUANG,1400,,,,,,,,3800,2800,12010,12020,12030,12040
50017,FG_XIUXIAN,2000,,HZ_RUYADUANZHUANG,1800,,HZ_CHENGSHU,1400,,,,,,,,3800,2800,12120,12130,12140,12150
50018,FG_YUNDONG,2000,,HZ_JIANYUE,1800,,HZ_QINGLIANG,1400,,,,,,,,3800,2800,12210,12220,12230,12240
50019,FG_SHUMO,2000,,HZ_QINGCHUN,1800,,HZ_RUYADUANZHUANG,1400,,,,,,,,3800,2800,12320,12330,12340,12350
50020,FG_YEXING,2000,,HZ_BAONUAN,1800,,HZ_HUOPO,1400,,,,,,,,3800,2800,12420,12430,12440,12450
101,FG_GUANCHANG,2000,,HZ_FANHUA,1800,,HZ_CHENGSHU,1400,,,,,,,,2000,1000,,0,0,0
102,FG_GUANCHANG,2000,,HZ_FANHUA,1800,,HZ_QINGCHUN,1400,,,,,,,,2000,1000,,0,0,0
103,FG_GUANCHANG,2000,,HZ_FANHUA,1800,,HZ_RUYADUANZHUANG,1400,,,,,,,,2000,1000,,0,0,0
104,FG_GUANCHANG,2000,,HZ_FANHUA,1800,,HZ_HUOPO,1400,,,,,,,,2000,1000,,0,0,0
105,FG_GUANCHANG,2000,,HZ_FANHUA,1800,,HZ_FENGLIUWUMEI,1400,,,,,,,,2000,1000,,0,0,0
106,FG_GUANCHANG,2000,,HZ_FANHUA,1800,,HZ_TONGZHEN,1400,,,,,,,,2000,1000,,0,0,0
107,FG_GUANCHANG,2000,,HZ_FANHUA,1800,,HZ_BAONUAN,1400,,,,,,,,2000,1000,,0,0,0
108,FG_GUANCHANG,2000,,HZ_FANHUA,1800,,HZ_QINGLIANG,1400,,,,,,,,2000,1000,,0,0,0
109,FG_GUANCHANG,2000,,HZ_JIANYUE,1800,,HZ_CHENGSHU,1400,,,,,,,,2000,1000,,0,0,0
110,FG_GUANCHANG,2000,,HZ_JIANYUE,1800,,HZ_QINGCHUN,1400,,,,,,,,2000,1000,,0,0,0
111,FG_GUANCHANG,2000,,HZ_JIANYUE,1800,,HZ_RUYADUANZHUANG,1400,,,,,,,,2000,1000,,0,0,0
112,FG_GUANCHANG,2000,,HZ_JIANYUE,1800,,HZ_HUOPO,1400,,,,,,,,2000,1000,,0,0,0
113,FG_GUANCHANG,2000,,HZ_JIANYUE,1800,,HZ_FENGLIUWUMEI,1400,,,,,,,,2000,1000,,0,0,0
114,FG_GUANCHANG,2000,,HZ_JIANYUE,1800,,HZ_TONGZHEN,1400,,,,,,,,2000,1000,,0,0,0
115,FG_GUANCHANG,2000,,HZ_JIANYUE,1800,,HZ_BAONUAN,1400,,,,,,,,2000,1000,,0,0,0
116,FG_GUANCHANG,2000,,HZ_JIANYUE,1800,,HZ_QINGLIANG,1400,,,,,,,,2000,1000,,0,0,0
117,FG_GUANCHANG,2000,,HZ_CHENGSHU,1800,,HZ_RUYADUANZHUANG,1400,,,,,,,,2000,1000,,0,0,0
118,FG_GUANCHANG,2000,,HZ_CHENGSHU,1800,,HZ_HUOPO,1400,,,,,,,,2000,1000,,0,0,0
119,FG_GUANCHANG,2000,,HZ_CHENGSHU,1800,,HZ_FENGLIUWUMEI,1400,,,,,,,,2000,1000,,0,0,0
120,FG_GUANCHANG,2000,,HZ_CHENGSHU,1800,,HZ_TONGZHEN,1400,,,,,,,,2000,1000,,0,0,0
121,FG_GUANCHANG,2000,,HZ_CHENGSHU,1800,,HZ_BAONUAN,1400,,,,,,,,2000,1000,,0,0,0
122,FG_GUANCHANG,2000,,HZ_CHENGSHU,1800,,HZ_QINGLIANG,1400,,,,,,,,2000,1000,,0,0,0
123,FG_GUANCHANG,2000,,HZ_QINGCHUN,1800,,HZ_RUYADUANZHUANG,1400,,,,,,,,2000,1000,,0,0,0
124,FG_GUANCHANG,2000,,HZ_QINGCHUN,1800,,HZ_HUOPO,1400,,,,,,,,2000,1000,,0,0,0
125,FG_GUANCHANG,2000,,HZ_QINGCHUN,1800,,HZ_FENGLIUWUMEI,1400,,,,,,,,2000,1000,,0,0,0
126,FG_GUANCHANG,2000,,HZ_QINGCHUN,1800,,HZ_TONGZHEN,1400,,,,,,,,2000,1000,,0,0,0
127,FG_GUANCHANG,2000,,HZ_QINGCHUN,1800,,HZ_BAONUAN,1400,,,,,,,,2000,1000,,0,0,0
128,FG_GUANCHANG,2000,,HZ_QINGCHUN,1800,,HZ_QINGLIANG,1400,,,,,,,,2000,1000,,0,0,0
129,FG_GUANCHANG,2000,,HZ_RUYADUANZHUANG,1800,,HZ_FENGLIUWUMEI,1400,,,,,,,,2000,1000,,0,0,0
130,FG_GUANCHANG,2000,,HZ_RUYADUANZHUANG,1800,,HZ_TONGZHEN,1400,,,,,,,,2000,1000,,0,0,0
131,FG_GUANCHANG,2000,,HZ_RUYADUANZHUANG,1800,,HZ_BAONUAN,1400,,,,,,,,2000,1000,,0,0,0
132,FG_GUANCHANG,2000,,HZ_RUYADUANZHUANG,1800,,HZ_QINGLIANG,1400,,,,,,,,2000,1000,,0,0,0
133,FG_GUANCHANG,2000,,HZ_HUOPO,1800,,HZ_FENGLIUWUMEI,1400,,,,,,,,2000,1000,,0,0,0
134,FG_GUANCHANG,2000,,HZ_HUOPO,1800,,HZ_TONGZHEN,1400,,,,,,,,2000,1000,,0,0,0
135,FG_GUANCHANG,2000,,HZ_HUOPO,1800,,HZ_BAONUAN,1400,,,,,,,,2000,1000,,0,0,0
136,FG_GUANCHANG,2000,,HZ_HUOPO,1800,,HZ_QINGLIANG,1400,,,,,,,,2000,1000,,0,0,0
137,FG_GUANCHANG,2000,,HZ_FENGLIUWUMEI,1800,,HZ_BAONUAN,1400,,,,,,,,2000,1000,,0,0,0
138,FG_GUANCHANG,2000,,HZ_FENGLIUWUMEI,1800,,HZ_QINGLIANG,1400,,,,,,,,2000,1000,,0,0,0
139,FG_GUANCHANG,2000,,HZ_TONGZHEN,1800,,HZ_BAONUAN,1400,,,,,,,,2000,1000,,0,0,0
140,FG_GUANCHANG,2000,,HZ_TONGZHEN,1800,,HZ_QINGLIANG,1400,,,,,,,,2000,1000,,0,0,0
201,FG_XIUXIAN,2000,,HZ_FANHUA,1800,,HZ_CHENGSHU,1400,,,,,,,,2000,1000,,0,0,0
202,FG_XIUXIAN,2000,,HZ_FANHUA,1800,,HZ_QINGCHUN,1400,,,,,,,,2000,1000,,0,0,0
203,FG_XIUXIAN,2000,,HZ_FANHUA,1800,,HZ_RUYADUANZHUANG,1400,,,,,,,,2000,1000,,0,0,0
204,FG_XIUXIAN,2000,,HZ_FANHUA,1800,,HZ_HUOPO,1400,,,,,,,,2000,1000,,0,0,0
205,FG_XIUXIAN,2000,,HZ_FANHUA,1800,,HZ_FENGLIUWUMEI,1400,,,,,,,,2000,1000,,0,0,0
206,FG_XIUXIAN,2000,,HZ_FANHUA,1800,,HZ_TONGZHEN,1400,,,,,,,,2000,1000,,0,0,0
207,FG_XIUXIAN,2000,,HZ_FANHUA,1800,,HZ_BAONUAN,1400,,,,,,,,2000,1000,,0,0,0
208,FG_XIUXIAN,2000,,HZ_FANHUA,1800,,HZ_QINGLIANG,1400,,,,,,,,2000,1000,,0,0,0
209,FG_XIUXIAN,2000,,HZ_JIANYUE,1800,,HZ_CHENGSHU,1400,,,,,,,,2000,1000,,0,0,0
210,FG_XIUXIAN,2000,,HZ_JIANYUE,1800,,HZ_QINGCHUN,1400,,,,,,,,2000,1000,,0,0,0
211,FG_XIUXIAN,2000,,HZ_JIANYUE,1800,,HZ_RUYADUANZHUANG,1400,,,,,,,,2000,1000,,0,0,0
212,FG_XIUXIAN,2000,,HZ_JIANYUE,1800,,HZ_HUOPO,1400,,,,,,,,2000,1000,,0,0,0
213,FG_XIUXIAN,2000,,HZ_JIANYUE,1800,,HZ_FENGLIUWUMEI,1400,,,,,,,,2000,1000,,0,0,0
214,FG_XIUXIAN,2000,,HZ_JIANYUE,1800,,HZ_TONGZHEN,1400,,,,,,,,2000,1000,,0,0,0
215,FG_XIUXIAN,2000,,HZ_JIANYUE,1800,,HZ_BAONUAN,1400,,,,,,,,2000,1000,,0,0,0
216,FG_XIUXIAN,2000,,HZ_JIANYUE,1800,,HZ_QINGLIANG,1400,,,,,,,,2000,1000,,0,0,0
217,FG_XIUXIAN,2000,,HZ_CHENGSHU,1800,,HZ_RUYADUANZHUANG,1400,,,,,,,,2000,1000,,0,0,0
218,FG_XIUXIAN,2000,,HZ_CHENGSHU,1800,,HZ_HUOPO,1400,,,,,,,,2000,1000,,0,0,0
219,FG_XIUXIAN,2000,,HZ_CHENGSHU,1800,,HZ_FENGLIUWUMEI,1400,,,,,,,,2000,1000,,0,0,0
220,FG_XIUXIAN,2000,,HZ_CHENGSHU,1800,,HZ_TONGZHEN,1400,,,,,,,,2000,1000,,0,0,0
221,FG_XIUXIAN,2000,,HZ_CHENGSHU,1800,,HZ_BAONUAN,1400,,,,,,,,2000,1000,,0,0,0
222,FG_XIUXIAN,2000,,HZ_CHENGSHU,1800,,HZ_QINGLIANG,1400,,,,,,,,2000,1000,,0,0,0
223,FG_XIUXIAN,2000,,HZ_QINGCHUN,1800,,HZ_RUYADUANZHUANG,1400,,,,,,,,2000,1000,,0,0,0
224,FG_XIUXIAN,2000,,HZ_QINGCHUN,1800,,HZ_HUOPO,1400,,,,,,,,2000,1000,,0,0,0
225,FG_XIUXIAN,2000,,HZ_QINGCHUN,1800,,HZ_FENGLIUWUMEI,1400,,,,,,,,2000,1000,,0,0,0
226,FG_XIUXIAN,2000,,HZ_QINGCHUN,1800,,HZ_TONGZHEN,1400,,,,,,,,2000,1000,,0,0,0
227,FG_XIUXIAN,2000,,HZ_QINGCHUN,1800,,HZ_BAONUAN,1400,,,,,,,,2000,1000,,0,0,0
228,FG_XIUXIAN,2000,,HZ_QINGCHUN,1800,,HZ_QINGLIANG,1400,,,,,,,,2000,1000,,0,0,0
229,FG_XIUXIAN,2000,,HZ_RUYADUANZHUANG,1800,,HZ_FENGLIUWUMEI,1400,,,,,,,,2000,1000,,0,0,0
230,FG_XIUXIAN,2000,,HZ_RUYADUANZHUANG,1800,,HZ_TONGZHEN,1400,,,,,,,,2000,1000,,0,0,0
231,FG_XIUXIAN,2000,,HZ_RUYADUANZHUANG,1800,,HZ_BAONUAN,1400,,,,,,,,2000,1000,,0,0,0
232,FG_XIUXIAN,2000,,HZ_RUYADUANZHUANG,1800,,HZ_QINGLIANG,1400,,,,,,,,2000,1000,,0,0,0
233,FG_XIUXIAN,2000,,HZ_HUOPO,1800,,HZ_FENGLIUWUMEI,1400,,,,,,,,2000,1000,,0,0,0
234,FG_XIUXIAN,2000,,HZ_HUOPO,1800,,HZ_TONGZHEN,1400,,,,,,,,2000,1000,,0,0,0
235,FG_XIUXIAN,2000,,HZ_HUOPO,1800,,HZ_BAONUAN,1400,,,,,,,,2000,1000,,0,0,0
236,FG_XIUXIAN,2000,,HZ_HUOPO,1800,,HZ_QINGLIANG,1400,,,,,,,,2000,1000,,0,0,0
237,FG_XIUXIAN,2000,,HZ_FENGLIUWUMEI,1800,,HZ_BAONUAN,1400,,,,,,,,2000,1000,,0,0,0
238,FG_XIUXIAN,2000,,HZ_FENGLIUWUMEI,1800,,HZ_QINGLIANG,1400,,,,,,,,2000,1000,,0,0,0
239,FG_XIUXIAN,2000,,HZ_TONGZHEN,1800,,HZ_BAONUAN,1400,,,,,,,,2000,1000,,0,0,0
240,FG_XIUXIAN,2000,,HZ_TONGZHEN,1800,,HZ_QINGLIANG,1400,,,,,,,,2000,1000,,0,0,0
301,FG_WUYI,2000,,HZ_FANHUA,1800,,HZ_CHENGSHU,1400,,,,,,,,2000,1000,,0,0,0
302,FG_WUYI,2000,,HZ_FANHUA,1800,,HZ_QINGCHUN,1400,,,,,,,,2000,1000,,0,0,0
303,FG_WUYI,2000,,HZ_FANHUA,1800,,HZ_RUYADUANZHUANG,1400,,,,,,,,2000,1000,,0,0,0
304,FG_WUYI,2000,,HZ_FANHUA,1800,,HZ_HUOPO,1400,,,,,,,,2000,1000,,0,0,0
305,FG_WUYI,2000,,HZ_FANHUA,1800,,HZ_FENGLIUWUMEI,1400,,,,,,,,2000,1000,,0,0,0
306,FG_WUYI,2000,,HZ_FANHUA,1800,,HZ_TONGZHEN,1400,,,,,,,,2000,1000,,0,0,0
307,FG_WUYI,2000,,HZ_FANHUA,1800,,HZ_BAONUAN,1400,,,,,,,,2000,1000,,0,0,0
308,FG_WUYI,2000,,HZ_FANHUA,1800,,HZ_QINGLIANG,1400,,,,,,,,2000,1000,,0,0,0
309,FG_WUYI,2000,,HZ_JIANYUE,1800,,HZ_CHENGSHU,1400,,,,,,,,2000,1000,,0,0,0
310,FG_WUYI,2000,,HZ_JIANYUE,1800,,HZ_QINGCHUN,1400,,,,,,,,2000,1000,,0,0,0
311,FG_WUYI,2000,,HZ_JIANYUE,1800,,HZ_RUYADUANZHUANG,1400,,,,,,,,2000,1000,,0,0,0
312,FG_WUYI,2000,,HZ_JIANYUE,1800,,HZ_HUOPO,1400,,,,,,,,2000,1000,,0,0,0
313,FG_WUYI,2000,,HZ_JIANYUE,1800,,HZ_FENGLIUWUMEI,1400,,,,,,,,2000,1000,,0,0,0
314,FG_WUYI,2000,,HZ_JIANYUE,1800,,HZ_TONGZHEN,1400,,,,,,,,2000,1000,,0,0,0
315,FG_WUYI,2000,,HZ_JIANYUE,1800,,HZ_BAONUAN,1400,,,,,,,,2000,1000,,0,0,0
316,FG_WUYI,2000,,HZ_JIANYUE,1800,,HZ_QINGLIANG,1400,,,,,,,,2000,1000,,0,0,0
317,FG_WUYI,2000,,HZ_CHENGSHU,1800,,HZ_RUYADUANZHUANG,1400,,,,,,,,2000,1000,,0,0,0
318,FG_WUYI,2000,,HZ_CHENGSHU,1800,,HZ_HUOPO,1400,,,,,,,,2000,1000,,0,0,0
319,FG_WUYI,2000,,HZ_CHENGSHU,1800,,HZ_FENGLIUWUMEI,1400,,,,,,,,2000,1000,,0,0,0
320,FG_WUYI,2000,,HZ_CHENGSHU,1800,,HZ_TONGZHEN,1400,,,,,,,,2000,1000,,0,0,0
321,FG_WUYI,2000,,HZ_CHENGSHU,1800,,HZ_BAONUAN,1400,,,,,,,,2000,1000,,0,0,0
322,FG_WUYI,2000,,HZ_CHENGSHU,1800,,HZ_QINGLIANG,1400,,,,,,,,2000,1000,,0,0,0
323,FG_WUYI,2000,,HZ_QINGCHUN,1800,,HZ_RUYADUANZHUANG,1400,,,,,,,,2000,1000,,0,0,0
324,FG_WUYI,2000,,HZ_QINGCHUN,1800,,HZ_HUOPO,1400,,,,,,,,2000,1000,,0,0,0
325,FG_WUYI,2000,,HZ_QINGCHUN,1800,,HZ_FENGLIUWUMEI,1400,,,,,,,,2000,1000,,0,0,0
326,FG_WUYI,2000,,HZ_QINGCHUN,1800,,HZ_TONGZHEN,1400,,,,,,,,2000,1000,,0,0,0
327,FG_WUYI,2000,,HZ_QINGCHUN,1800,,HZ_BAONUAN,1400,,,,,,,,2000,1000,,0,0,0
328,FG_WUYI,2000,,HZ_QINGCHUN,1800,,HZ_QINGLIANG,1400,,,,,,,,2000,1000,,0,0,0
329,FG_WUYI,2000,,HZ_RUYADUANZHUANG,1800,,HZ_FENGLIUWUMEI,1400,,,,,,,,2000,1000,,0,0,0
330,FG_WUYI,2000,,HZ_RUYADUANZHUANG,1800,,HZ_TONGZHEN,1400,,,,,,,,2000,1000,,0,0,0
331,FG_WUYI,2000,,HZ_RUYADUANZHUANG,1800,,HZ_BAONUAN,1400,,,,,,,,2000,1000,,0,0,0
332,FG_WUYI,2000,,HZ_RUYADUANZHUANG,1800,,HZ_QINGLIANG,1400,,,,,,,,2000,1000,,0,0,0
333,FG_WUYI,2000,,HZ_HUOPO,1800,,HZ_FENGLIUWUMEI,1400,,,,,,,,2000,1000,,0,0,0
334,FG_WUYI,2000,,HZ_HUOPO,1800,,HZ_TONGZHEN,1400,,,,,,,,2000,1000,,0,0,0
335,FG_WUYI,2000,,HZ_HUOPO,1800,,HZ_BAONUAN,1400,,,,,,,,2000,1000,,0,0,0
336,FG_WUYI,2000,,HZ_HUOPO,1800,,HZ_QINGLIANG,1400,,,,,,,,2000,1000,,0,0,0
337,FG_WUYI,2000,,HZ_FENGLIUWUMEI,1800,,HZ_BAONUAN,1400,,,,,,,,2000,1000,,0,0,0
338,FG_WUYI,2000,,HZ_FENGLIUWUMEI,1800,,HZ_QINGLIANG,1400,,,,,,,,2000,1000,,0,0,0
339,FG_WUYI,2000,,HZ_TONGZHEN,1800,,HZ_BAONUAN,1400,,,,,,,,2000,1000,,0,0,0
340,FG_WUYI,2000,,HZ_TONGZHEN,1800,,HZ_QINGLIANG,1400,,,,,,,,2000,1000,,0,0,0
401,FG_YEXING,2000,,HZ_FANHUA,1800,,HZ_CHENGSHU,1400,,,,,,,,2000,1000,,0,0,0
402,FG_YEXING,2000,,HZ_FANHUA,1800,,HZ_QINGCHUN,1400,,,,,,,,2000,1000,,0,0,0
403,FG_YEXING,2000,,HZ_FANHUA,1800,,HZ_RUYADUANZHUANG,1400,,,,,,,,2000,1000,,0,0,0
404,FG_YEXING,2000,,HZ_FANHUA,1800,,HZ_HUOPO,1400,,,,,,,,2000,1000,,0,0,0
405,FG_YEXING,2000,,HZ_FANHUA,1800,,HZ_FENGLIUWUMEI,1400,,,,,,,,2000,1000,,0,0,0
406,FG_YEXING,2000,,HZ_FANHUA,1800,,HZ_TONGZHEN,1400,,,,,,,,2000,1000,,0,0,0
407,FG_YEXING,2000,,HZ_FANHUA,1800,,HZ_BAONUAN,1400,,,,,,,,2000,1000,,0,0,0
408,FG_YEXING,2000,,HZ_FANHUA,1800,,HZ_QINGLIANG,1400,,,,,,,,2000,1000,,0,0,0
409,FG_YEXING,2000,,HZ_JIANYUE,1800,,HZ_CHENGSHU,1400,,,,,,,,2000,1000,,0,0,0
410,FG_YEXING,2000,,HZ_JIANYUE,1800,,HZ_QINGCHUN,1400,,,,,,,,2000,1000,,0,0,0
411,FG_YEXING,2000,,HZ_JIANYUE,1800,,HZ_RUYADUANZHUANG,1400,,,,,,,,2000,1000,,0,0,0
412,FG_YEXING,2000,,HZ_JIANYUE,1800,,HZ_HUOPO,1400,,,,,,,,2000,1000,,0,0,0
413,FG_YEXING,2000,,HZ_JIANYUE,1800,,HZ_FENGLIUWUMEI,1400,,,,,,,,2000,1000,,0,0,0
414,FG_YEXING,2000,,HZ_JIANYUE,1800,,HZ_TONGZHEN,1400,,,,,,,,2000,1000,,0,0,0
415,FG_YEXING,2000,,HZ_JIANYUE,1800,,HZ_BAONUAN,1400,,,,,,,,2000,1000,,0,0,0
416,FG_YEXING,2000,,HZ_JIANYUE,1800,,HZ_QINGLIANG,1400,,,,,,,,2000,1000,,0,0,0
417,FG_YEXING,2000,,HZ_CHENGSHU,1800,,HZ_RUYADUANZHUANG,1400,,,,,,,,2000,1000,,0,0,0
418,FG_YEXING,2000,,HZ_CHENGSHU,1800,,HZ_HUOPO,1400,,,,,,,,2000,1000,,0,0,0
419,FG_YEXING,2000,,HZ_CHENGSHU,1800,,HZ_FENGLIUWUMEI,1400,,,,,,,,2000,1000,,0,0,0
420,FG_YEXING,2000,,HZ_CHENGSHU,1800,,HZ_TONGZHEN,1400,,,,,,,,2000,1000,,0,0,0
421,FG_YEXING,2000,,HZ_CHENGSHU,1800,,HZ_BAONUAN,1400,,,,,,,,2000,1000,,0,0,0
422,FG_YEXING,2000,,HZ_CHENGSHU,1800,,HZ_QINGLIANG,1400,,,,,,,,2000,1000,,0,0,0
423,FG_YEXING,2000,,HZ_QINGCHUN,1800,,HZ_RUYADUANZHUANG,1400,,,,,,,,2000,1000,,0,0,0
424,FG_YEXING,2000,,HZ_QINGCHUN,1800,,HZ_HUOPO,1400,,,,,,,,2000,1000,,0,0,0
425,FG_YEXING,2000,,HZ_QINGCHUN,1800,,HZ_FENGLIUWUMEI,1400,,,,,,,,2000,1000,,0,0,0
426,FG_YEXING,2000,,HZ_QINGCHUN,1800,,HZ_TONGZHEN,1400,,,,,,,,2000,1000,,0,0,0
427,FG_YEXING,2000,,HZ_QINGCHUN,1800,,HZ_BAONUAN,1400,,,,,,,,2000,1000,,0,0,0
428,FG_YEXING,2000,,HZ_QINGCHUN,1800,,HZ_QINGLIANG,1400,,,,,,,,2000,1000,,0,0,0
429,FG_YEXING,2000,,HZ_RUYADUANZHUANG,1800,,HZ_FENGLIUWUMEI,1400,,,,,,,,2000,1000,,0,0,0
430,FG_YEXING,2000,,HZ_RUYADUANZHUANG,1800,,HZ_TONGZHEN,1400,,,,,,,,2000,1000,,0,0,0
431,FG_YEXING,2000,,HZ_RUYADUANZHUANG,1800,,HZ_BAONUAN,1400,,,,,,,,2000,1000,,0,0,0
432,FG_YEXING,2000,,HZ_RUYADUANZHUANG,1800,,HZ_QINGLIANG,1400,,,,,,,,2000,1000,,0,0,0
433,FG_YEXING,2000,,HZ_HUOPO,1800,,HZ_FENGLIUWUMEI,1400,,,,,,,,2000,1000,,0,0,0
434,FG_YEXING,2000,,HZ_HUOPO,1800,,HZ_TONGZHEN,1400,,,,,,,,2000,1000,,0,0,0
435,FG_YEXING,2000,,HZ_HUOPO,1800,,HZ_BAONUAN,1400,,,,,,,,2000,1000,,0,0,0
436,FG_YEXING,2000,,HZ_HUOPO,1800,,HZ_QINGLIANG,1400,,,,,,,,2000,1000,,0,0,0
437,FG_YEXING,2000,,HZ_FENGLIUWUMEI,1800,,HZ_BAONUAN,1400,,,,,,,,2000,1000,,0,0,0
438,FG_YEXING,2000,,HZ_FENGLIUWUMEI,1800,,HZ_QINGLIANG,1400,,,,,,,,2000,1000,,0,0,0
439,FG_YEXING,2000,,HZ_TONGZHEN,1800,,HZ_BAONUAN,1400,,,,,,,,2000,1000,,0,0,0
440,FG_YEXING,2000,,HZ_TONGZHEN,1800,,HZ_QINGLIANG,1400,,,,,,,,2000,1000,,0,0,0
501,FG_SHENGDIAN,2000,,HZ_FANHUA,1800,,HZ_CHENGSHU,1400,,,,,,,,2000,1000,,0,0,0
502,FG_SHENGDIAN,2000,,HZ_FANHUA,1800,,HZ_QINGCHUN,1400,,,,,,,,2000,1000,,0,0,0
503,FG_SHENGDIAN,2000,,HZ_FANHUA,1800,,HZ_RUYADUANZHUANG,1400,,,,,,,,2000,1000,,0,0,0
504,FG_SHENGDIAN,2000,,HZ_FANHUA,1800,,HZ_HUOPO,1400,,,,,,,,2000,1000,,0,0,0
505,FG_SHENGDIAN,2000,,HZ_FANHUA,1800,,HZ_FENGLIUWUMEI,1400,,,,,,,,2000,1000,,0,0,0
506,FG_SHENGDIAN,2000,,HZ_FANHUA,1800,,HZ_TONGZHEN,1400,,,,,,,,2000,1000,,0,0,0
507,FG_SHENGDIAN,2000,,HZ_FANHUA,1800,,HZ_BAONUAN,1400,,,,,,,,2000,1000,,0,0,0
508,FG_SHENGDIAN,2000,,HZ_FANHUA,1800,,HZ_QINGLIANG,1400,,,,,,,,2000,1000,,0,0,0
509,FG_SHENGDIAN,2000,,HZ_JIANYUE,1800,,HZ_CHENGSHU,1400,,,,,,,,2000,1000,,0,0,0
510,FG_SHENGDIAN,2000,,HZ_JIANYUE,1800,,HZ_QINGCHUN,1400,,,,,,,,2000,1000,,0,0,0
511,FG_SHENGDIAN,2000,,HZ_JIANYUE,1800,,HZ_RUYADUANZHUANG,1400,,,,,,,,2000,1000,,0,0,0
512,FG_SHENGDIAN,2000,,HZ_JIANYUE,1800,,HZ_HUOPO,1400,,,,,,,,2000,1000,,0,0,0
513,FG_SHENGDIAN,2000,,HZ_JIANYUE,1800,,HZ_FENGLIUWUMEI,1400,,,,,,,,2000,1000,,0,0,0
514,FG_SHENGDIAN,2000,,HZ_JIANYUE,1800,,HZ_TONGZHEN,1400,,,,,,,,2000,1000,,0,0,0
515,FG_SHENGDIAN,2000,,HZ_JIANYUE,1800,,HZ_BAONUAN,1400,,,,,,,,2000,1000,,0,0,0
516,FG_SHENGDIAN,2000,,HZ_JIANYUE,1800,,HZ_QINGLIANG,1400,,,,,,,,2000,1000,,0,0,0
517,FG_SHENGDIAN,2000,,HZ_CHENGSHU,1800,,HZ_RUYADUANZHUANG,1400,,,,,,,,2000,1000,,0,0,0
518,FG_SHENGDIAN,2000,,HZ_CHENGSHU,1800,,HZ_HUOPO,1400,,,,,,,,2000,1000,,0,0,0
519,FG_SHENGDIAN,2000,,HZ_CHENGSHU,1800,,HZ_FENGLIUWUMEI,1400,,,,,,,,2000,1000,,0,0,0
520,FG_SHENGDIAN,2000,,HZ_CHENGSHU,1800,,HZ_TONGZHEN,1400,,,,,,,,2000,1000,,0,0,0
521,FG_SHENGDIAN,2000,,HZ_CHENGSHU,1800,,HZ_BAONUAN,1400,,,,,,,,2000,1000,,0,0,0
522,FG_SHENGDIAN,2000,,HZ_CHENGSHU,1800,,HZ_QINGLIANG,1400,,,,,,,,2000,1000,,0,0,0
523,FG_SHENGDIAN,2000,,HZ_QINGCHUN,1800,,HZ_RUYADUANZHUANG,1400,,,,,,,,2000,1000,,0,0,0
524,FG_SHENGDIAN,2000,,HZ_QINGCHUN,1800,,HZ_HUOPO,1400,,,,,,,,2000,1000,,0,0,0
525,FG_SHENGDIAN,2000,,HZ_QINGCHUN,1800,,HZ_FENGLIUWUMEI,1400,,,,,,,,2000,1000,,0,0,0
526,FG_SHENGDIAN,2000,,HZ_QINGCHUN,1800,,HZ_TONGZHEN,1400,,,,,,,,2000,1000,,0,0,0
527,FG_SHENGDIAN,2000,,HZ_QINGCHUN,1800,,HZ_BAONUAN,1400,,,,,,,,2000,1000,,0,0,0
528,FG_SHENGDIAN,2000,,HZ_QINGCHUN,1800,,HZ_QINGLIANG,1400,,,,,,,,2000,1000,,0,0,0
529,FG_SHENGDIAN,2000,,HZ_RUYADUANZHUANG,1800,,HZ_FENGLIUWUMEI,1400,,,,,,,,2000,1000,,0,0,0
530,FG_SHENGDIAN,2000,,HZ_RUYADUANZHUANG,1800,,HZ_TONGZHEN,1400,,,,,,,,2000,1000,,0,0,0
531,FG_SHENGDIAN,2000,,HZ_RUYADUANZHUANG,1800,,HZ_BAONUAN,1400,,,,,,,,2000,1000,,0,0,0
532,FG_SHENGDIAN,2000,,HZ_RUYADUANZHUANG,1800,,HZ_QINGLIANG,1400,,,,,,,,2000,1000,,0,0,0
533,FG_SHENGDIAN,2000,,HZ_HUOPO,1800,,HZ_FENGLIUWUMEI,1400,,,,,,,,2000,1000,,0,0,0
534,FG_SHENGDIAN,2000,,HZ_HUOPO,1800,,HZ_TONGZHEN,1400,,,,,,,,2000,1000,,0,0,0
535,FG_SHENGDIAN,2000,,HZ_HUOPO,1800,,HZ_BAONUAN,1400,,,,,,,,2000,1000,,0,0,0
536,FG_SHENGDIAN,2000,,HZ_HUOPO,1800,,HZ_QINGLIANG,1400,,,,,,,,2000,1000,,0,0,0
537,FG_SHENGDIAN,2000,,HZ_FENGLIUWUMEI,1800,,HZ_BAONUAN,1400,,,,,,,,2000,1000,,0,0,0
538,FG_SHENGDIAN,2000,,HZ_FENGLIUWUMEI,1800,,HZ_QINGLIANG,1400,,,,,,,,2000,1000,,0,0,0
539,FG_SHENGDIAN,2000,,HZ_TONGZHEN,1800,,HZ_BAONUAN,1400,,,,,,,,2000,1000,,0,0,0
540,FG_SHENGDIAN,2000,,HZ_TONGZHEN,1800,,HZ_QINGLIANG,1400,,,,,,,,2000,1000,,0,0,0
601,FG_JIANGHU,2000,,HZ_FANHUA,1800,,HZ_CHENGSHU,1400,,,,,,,,2000,1000,,0,0,0
602,FG_JIANGHU,2000,,HZ_FANHUA,1800,,HZ_QINGCHUN,1400,,,,,,,,2000,1000,,0,0,0
603,FG_JIANGHU,2000,,HZ_FANHUA,1800,,HZ_RUYADUANZHUANG,1400,,,,,,,,2000,1000,,0,0,0
604,FG_JIANGHU,2000,,HZ_FANHUA,1800,,HZ_HUOPO,1400,,,,,,,,2000,1000,,0,0,0
605,FG_JIANGHU,2000,,HZ_FANHUA,1800,,HZ_FENGLIUWUMEI,1400,,,,,,,,2000,1000,,0,0,0
606,FG_JIANGHU,2000,,HZ_FANHUA,1800,,HZ_TONGZHEN,1400,,,,,,,,2000,1000,,0,0,0
607,FG_JIANGHU,2000,,HZ_FANHUA,1800,,HZ_BAONUAN,1400,,,,,,,,2000,1000,,0,0,0
608,FG_JIANGHU,2000,,HZ_FANHUA,1800,,HZ_QINGLIANG,1400,,,,,,,,2000,1000,,0,0,0
609,FG_JIANGHU,2000,,HZ_JIANYUE,1800,,HZ_CHENGSHU,1400,,,,,,,,2000,1000,,0,0,0
610,FG_JIANGHU,2000,,HZ_JIANYUE,1800,,HZ_QINGCHUN,1400,,,,,,,,2000,1000,,0,0,0
611,FG_JIANGHU,2000,,HZ_JIANYUE,1800,,HZ_RUYADUANZHUANG,1400,,,,,,,,2000,1000,,0,0,0
612,FG_JIANGHU,2000,,HZ_JIANYUE,1800,,HZ_HUOPO,1400,,,,,,,,2000,1000,,0,0,0
613,FG_JIANGHU,2000,,HZ_JIANYUE,1800,,HZ_FENGLIUWUMEI,1400,,,,,,,,2000,1000,,0,0,0
614,FG_JIANGHU,2000,,HZ_JIANYUE,1800,,HZ_TONGZHEN,1400,,,,,,,,2000,1000,,0,0,0
615,FG_JIANGHU,2000,,HZ_JIANYUE,1800,,HZ_BAONUAN,1400,,,,,,,,2000,1000,,0,0,0
616,FG_JIANGHU,2000,,HZ_JIANYUE,1800,,HZ_QINGLIANG,1400,,,,,,,,2000,1000,,0,0,0
617,FG_JIANGHU,2000,,HZ_CHENGSHU,1800,,HZ_RUYADUANZHUANG,1400,,,,,,,,2000,1000,,0,0,0
618,FG_JIANGHU,2000,,HZ_CHENGSHU,1800,,HZ_HUOPO,1400,,,,,,,,2000,1000,,0,0,0
619,FG_JIANGHU,2000,,HZ_CHENGSHU,1800,,HZ_FENGLIUWUMEI,1400,,,,,,,,2000,1000,,0,0,0
620,FG_JIANGHU,2000,,HZ_CHENGSHU,1800,,HZ_TONGZHEN,1400,,,,,,,,2000,1000,,0,0,0
621,FG_JIANGHU,2000,,HZ_CHENGSHU,1800,,HZ_BAONUAN,1400,,,,,,,,2000,1000,,0,0,0
622,FG_JIANGHU,2000,,HZ_CHENGSHU,1800,,HZ_QINGLIANG,1400,,,,,,,,2000,1000,,0,0,0
623,FG_JIANGHU,2000,,HZ_QINGCHUN,1800,,HZ_RUYADUANZHUANG,1400,,,,,,,,2000,1000,,0,0,0
624,FG_JIANGHU,2000,,HZ_QINGCHUN,1800,,HZ_HUOPO,1400,,,,,,,,2000,1000,,0,0,0
625,FG_JIANGHU,2000,,HZ_QINGCHUN,1800,,HZ_FENGLIUWUMEI,1400,,,,,,,,2000,1000,,0,0,0
626,FG_JIANGHU,2000,,HZ_QINGCHUN,1800,,HZ_TONGZHEN,1400,,,,,,,,2000,1000,,0,0,0
627,FG_JIANGHU,2000,,HZ_QINGCHUN,1800,,HZ_BAONUAN,1400,,,,,,,,2000,1000,,0,0,0
628,FG_JIANGHU,2000,,HZ_QINGCHUN,1800,,HZ_QINGLIANG,1400,,,,,,,,2000,1000,,0,0,0
629,FG_JIANGHU,2000,,HZ_RUYADUANZHUANG,1800,,HZ_FENGLIUWUMEI,1400,,,,,,,,2000,1000,,0,0,0
630,FG_JIANGHU,2000,,HZ_RUYADUANZHUANG,1800,,HZ_TONGZHEN,1400,,,,,,,,2000,1000,,0,0,0
631,FG_JIANGHU,2000,,HZ_RUYADUANZHUANG,1800,,HZ_BAONUAN,1400,,,,,,,,2000,1000,,0,0,0
632,FG_JIANGHU,2000,,HZ_RUYADUANZHUANG,1800,,HZ_QINGLIANG,1400,,,,,,,,2000,1000,,0,0,0
633,FG_JIANGHU,2000,,HZ_HUOPO,1800,,HZ_FENGLIUWUMEI,1400,,,,,,,,2000,1000,,0,0,0
634,FG_JIANGHU,2000,,HZ_HUOPO,1800,,HZ_TONGZHEN,1400,,,,,,,,2000,1000,,0,0,0
635,FG_JIANGHU,2000,,HZ_HUOPO,1800,,HZ_BAONUAN,1400,,,,,,,,2000,1000,,0,0,0
636,FG_JIANGHU,2000,,HZ_HUOPO,1800,,HZ_QINGLIANG,1400,,,,,,,,2000,1000,,0,0,0
637,FG_JIANGHU,2000,,HZ_FENGLIUWUMEI,1800,,HZ_BAONUAN,1400,,,,,,,,2000,1000,,0,0,0
638,FG_JIANGHU,2000,,HZ_FENGLIUWUMEI,1800,,HZ_QINGLIANG,1400,,,,,,,,2000,1000,,0,0,0
639,FG_JIANGHU,2000,,HZ_TONGZHEN,1800,,HZ_BAONUAN,1400,,,,,,,,2000,1000,,0,0,0
640,FG_JIANGHU,2000,,HZ_TONGZHEN,1800,,HZ_QINGLIANG,1400,,,,,,,,2000,1000,,0,0,0
701,FG_YUANYOU,2000,,HZ_FANHUA,1800,,HZ_CHENGSHU,1400,,,,,,,,2000,1000,,0,0,0
702,FG_YUANYOU,2000,,HZ_FANHUA,1800,,HZ_QINGCHUN,1400,,,,,,,,2000,1000,,0,0,0
703,FG_YUANYOU,2000,,HZ_FANHUA,1800,,HZ_RUYADUANZHUANG,1400,,,,,,,,2000,1000,,0,0,0
704,FG_YUANYOU,2000,,HZ_FANHUA,1800,,HZ_HUOPO,1400,,,,,,,,2000,1000,,0,0,0
705,FG_YUANYOU,2000,,HZ_FANHUA,1800,,HZ_FENGLIUWUMEI,1400,,,,,,,,2000,1000,,0,0,0
706,FG_YUANYOU,2000,,HZ_FANHUA,1800,,HZ_TONGZHEN,1400,,,,,,,,2000,1000,,0,0,0
707,FG_YUANYOU,2000,,HZ_FANHUA,1800,,HZ_BAONUAN,1400,,,,,,,,2000,1000,,0,0,0
708,FG_YUANYOU,2000,,HZ_FANHUA,1800,,HZ_QINGLIANG,1400,,,,,,,,2000,1000,,0,0,0
709,FG_YUANYOU,2000,,HZ_JIANYUE,1800,,HZ_CHENGSHU,1400,,,,,,,,2000,1000,,0,0,0
710,FG_YUANYOU,2000,,HZ_JIANYUE,1800,,HZ_QINGCHUN,1400,,,,,,,,2000,1000,,0,0,0
711,FG_YUANYOU,2000,,HZ_JIANYUE,1800,,HZ_RUYADUANZHUANG,1400,,,,,,,,2000,1000,,0,0,0
712,FG_YUANYOU,2000,,HZ_JIANYUE,1800,,HZ_HUOPO,1400,,,,,,,,2000,1000,,0,0,0
713,FG_YUANYOU,2000,,HZ_JIANYUE,1800,,HZ_FENGLIUWUMEI,1400,,,,,,,,2000,1000,,0,0,0
714,FG_YUANYOU,2000,,HZ_JIANYUE,1800,,HZ_TONGZHEN,1400,,,,,,,,2000,1000,,0,0,0
715,FG_YUANYOU,2000,,HZ_JIANYUE,1800,,HZ_BAONUAN,1400,,,,,,,,2000,1000,,0,0,0
716,FG_YUANYOU,2000,,HZ_JIANYUE,1800,,HZ_QINGLIANG,1400,,,,,,,,2000,1000,,0,0,0
717,FG_YUANYOU,2000,,HZ_CHENGSHU,1800,,HZ_RUYADUANZHUANG,1400,,,,,,,,2000,1000,,0,0,0
718,FG_YUANYOU,2000,,HZ_CHENGSHU,1800,,HZ_HUOPO,1400,,,,,,,,2000,1000,,0,0,0
719,FG_YUANYOU,2000,,HZ_CHENGSHU,1800,,HZ_FENGLIUWUMEI,1400,,,,,,,,2000,1000,,0,0,0
720,FG_YUANYOU,2000,,HZ_CHENGSHU,1800,,HZ_TONGZHEN,1400,,,,,,,,2000,1000,,0,0,0
721,FG_YUANYOU,2000,,HZ_CHENGSHU,1800,,HZ_BAONUAN,1400,,,,,,,,2000,1000,,0,0,0
722,FG_YUANYOU,2000,,HZ_CHENGSHU,1800,,HZ_QINGLIANG,1400,,,,,,,,2000,1000,,0,0,0
723,FG_YUANYOU,2000,,HZ_QINGCHUN,1800,,HZ_RUYADUANZHUANG,1400,,,,,,,,2000,1000,,0,0,0
724,FG_YUANYOU,2000,,HZ_QINGCHUN,1800,,HZ_HUOPO,1400,,,,,,,,2000,1000,,0,0,0
725,FG_YUANYOU,2000,,HZ_QINGCHUN,1800,,HZ_FENGLIUWUMEI,1400,,,,,,,,2000,1000,,0,0,0
726,FG_YUANYOU,2000,,HZ_QINGCHUN,1800,,HZ_TONGZHEN,1400,,,,,,,,2000,1000,,0,0,0
727,FG_YUANYOU,2000,,HZ_QINGCHUN,1800,,HZ_BAONUAN,1400,,,,,,,,2000,1000,,0,0,0
728,FG_YUANYOU,2000,,HZ_QINGCHUN,1800,,HZ_QINGLIANG,1400,,,,,,,,2000,1000,,0,0,0
729,FG_YUANYOU,2000,,HZ_RUYADUANZHUANG,1800,,HZ_FENGLIUWUMEI,1400,,,,,,,,2000,1000,,0,0,0
730,FG_YUANYOU,2000,,HZ_RUYADUANZHUANG,1800,,HZ_TONGZHEN,1400,,,,,,,,2000,1000,,0,0,0
731,FG_YUANYOU,2000,,HZ_RUYADUANZHUANG,1800,,HZ_BAONUAN,1400,,,,,,,,2000,1000,,0,0,0
732,FG_YUANYOU,2000,,HZ_RUYADUANZHUANG,1800,,HZ_QINGLIANG,1400,,,,,,,,2000,1000,,0,0,0
733,FG_YUANYOU,2000,,HZ_HUOPO,1800,,HZ_FENGLIUWUMEI,1400,,,,,,,,2000,1000,,0,0,0
734,FG_YUANYOU,2000,,HZ_HUOPO,1800,,HZ_TONGZHEN,1400,,,,,,,,2000,1000,,0,0,0
735,FG_YUANYOU,2000,,HZ_HUOPO,1800,,HZ_BAONUAN,1400,,,,,,,,2000,1000,,0,0,0
736,FG_YUANYOU,2000,,HZ_HUOPO,1800,,HZ_QINGLIANG,1400,,,,,,,,2000,1000,,0,0,0
737,FG_YUANYOU,2000,,HZ_FENGLIUWUMEI,1800,,HZ_BAONUAN,1400,,,,,,,,2000,1000,,0,0,0
738,FG_YUANYOU,2000,,HZ_FENGLIUWUMEI,1800,,HZ_QINGLIANG,1400,,,,,,,,2000,1000,,0,0,0
739,FG_YUANYOU,2000,,HZ_TONGZHEN,1800,,HZ_BAONUAN,1400,,,,,,,,2000,1000,,0,0,0
740,FG_YUANYOU,2000,,HZ_TONGZHEN,1800,,HZ_QINGLIANG,1400,,,,,,,,2000,1000,,0,0,0
801,FG_SHOULIE,2000,,HZ_FANHUA,1800,,HZ_CHENGSHU,1400,,,,,,,,2000,1000,,0,0,0
802,FG_SHOULIE,2000,,HZ_FANHUA,1800,,HZ_QINGCHUN,1400,,,,,,,,2000,1000,,0,0,0
803,FG_SHOULIE,2000,,HZ_FANHUA,1800,,HZ_RUYADUANZHUANG,1400,,,,,,,,2000,1000,,0,0,0
804,FG_SHOULIE,2000,,HZ_FANHUA,1800,,HZ_HUOPO,1400,,,,,,,,2000,1000,,0,0,0
805,FG_SHOULIE,2000,,HZ_FANHUA,1800,,HZ_FENGLIUWUMEI,1400,,,,,,,,2000,1000,,0,0,0
806,FG_SHOULIE,2000,,HZ_FANHUA,1800,,HZ_TONGZHEN,1400,,,,,,,,2000,1000,,0,0,0
807,FG_SHOULIE,2000,,HZ_FANHUA,1800,,HZ_BAONUAN,1400,,,,,,,,2000,1000,,0,0,0
808,FG_SHOULIE,2000,,HZ_FANHUA,1800,,HZ_QINGLIANG,1400,,,,,,,,2000,1000,,0,0,0
809,FG_SHOULIE,2000,,HZ_JIANYUE,1800,,HZ_CHENGSHU,1400,,,,,,,,2000,1000,,0,0,0
810,FG_SHOULIE,2000,,HZ_JIANYUE,1800,,HZ_QINGCHUN,1400,,,,,,,,2000,1000,,0,0,0
811,FG_SHOULIE,2000,,HZ_JIANYUE,1800,,HZ_RUYADUANZHUANG,1400,,,,,,,,2000,1000,,0,0,0
812,FG_SHOULIE,2000,,HZ_JIANYUE,1800,,HZ_HUOPO,1400,,,,,,,,2000,1000,,0,0,0
813,FG_SHOULIE,2000,,HZ_JIANYUE,1800,,HZ_FENGLIUWUMEI,1400,,,,,,,,2000,1000,,0,0,0
814,FG_SHOULIE,2000,,HZ_JIANYUE,1800,,HZ_TONGZHEN,1400,,,,,,,,2000,1000,,0,0,0
815,FG_SHOULIE,2000,,HZ_JIANYUE,1800,,HZ_BAONUAN,1400,,,,,,,,2000,1000,,0,0,0
816,FG_SHOULIE,2000,,HZ_JIANYUE,1800,,HZ_QINGLIANG,1400,,,,,,,,2000,1000,,0,0,0
817,FG_SHOULIE,2000,,HZ_CHENGSHU,1800,,HZ_RUYADUANZHUANG,1400,,,,,,,,2000,1000,,0,0,0
818,FG_SHOULIE,2000,,HZ_CHENGSHU,1800,,HZ_HUOPO,1400,,,,,,,,2000,1000,,0,0,0
819,FG_SHOULIE,2000,,HZ_CHENGSHU,1800,,HZ_FENGLIUWUMEI,1400,,,,,,,,2000,1000,,0,0,0
820,FG_SHOULIE,2000,,HZ_CHENGSHU,1800,,HZ_TONGZHEN,1400,,,,,,,,2000,1000,,0,0,0
821,FG_SHOULIE,2000,,HZ_CHENGSHU,1800,,HZ_BAONUAN,1400,,,,,,,,2000,1000,,0,0,0
822,FG_SHOULIE,2000,,HZ_CHENGSHU,1800,,HZ_QINGLIANG,1400,,,,,,,,2000,1000,,0,0,0
823,FG_SHOULIE,2000,,HZ_QINGCHUN,1800,,HZ_RUYADUANZHUANG,1400,,,,,,,,2000,1000,,0,0,0
824,FG_SHOULIE,2000,,HZ_QINGCHUN,1800,,HZ_HUOPO,1400,,,,,,,,2000,1000,,0,0,0
825,FG_SHOULIE,2000,,HZ_QINGCHUN,1800,,HZ_FENGLIUWUMEI,1400,,,,,,,,2000,1000,,0,0,0
826,FG_SHOULIE,2000,,HZ_QINGCHUN,1800,,HZ_TONGZHEN,1400,,,,,,,,2000,1000,,0,0,0
827,FG_SHOULIE,2000,,HZ_QINGCHUN,1800,,HZ_BAONUAN,1400,,,,,,,,2000,1000,,0,0,0
828,FG_SHOULIE,2000,,HZ_QINGCHUN,1800,,HZ_QINGLIANG,1400,,,,,,,,2000,1000,,0,0,0
829,FG_SHOULIE,2000,,HZ_RUYADUANZHUANG,1800,,HZ_FENGLIUWUMEI,1400,,,,,,,,2000,1000,,0,0,0
830,FG_SHOULIE,2000,,HZ_RUYADUANZHUANG,1800,,HZ_TONGZHEN,1400,,,,,,,,2000,1000,,0,0,0
831,FG_SHOULIE,2000,,HZ_RUYADUANZHUANG,1800,,HZ_BAONUAN,1400,,,,,,,,2000,1000,,0,0,0
832,FG_SHOULIE,2000,,HZ_RUYADUANZHUANG,1800,,HZ_QINGLIANG,1400,,,,,,,,2000,1000,,0,0,0
833,FG_SHOULIE,2000,,HZ_HUOPO,1800,,HZ_FENGLIUWUMEI,1400,,,,,,,,2000,1000,,0,0,0
834,FG_SHOULIE,2000,,HZ_HUOPO,1800,,HZ_TONGZHEN,1400,,,,,,,,2000,1000,,0,0,0
835,FG_SHOULIE,2000,,HZ_HUOPO,1800,,HZ_BAONUAN,1400,,,,,,,,2000,1000,,0,0,0
836,FG_SHOULIE,2000,,HZ_HUOPO,1800,,HZ_QINGLIANG,1400,,,,,,,,2000,1000,,0,0,0
837,FG_SHOULIE,2000,,HZ_FENGLIUWUMEI,1800,,HZ_BAONUAN,1400,,,,,,,,2000,1000,,0,0,0
838,FG_SHOULIE,2000,,HZ_FENGLIUWUMEI,1800,,HZ_QINGLIANG,1400,,,,,,,,2000,1000,,0,0,0
839,FG_SHOULIE,2000,,HZ_TONGZHEN,1800,,HZ_BAONUAN,1400,,,,,,,,2000,1000,,0,0,0
840,FG_SHOULIE,2000,,HZ_TONGZHEN,1800,,HZ_QINGLIANG,1400,,,,,,,,2000,1000,,0,0,0
901,FG_YUNDONG,2000,,HZ_FANHUA,1800,,HZ_CHENGSHU,1400,,,,,,,,2000,1000,,0,0,0
902,FG_YUNDONG,2000,,HZ_FANHUA,1800,,HZ_QINGCHUN,1400,,,,,,,,2000,1000,,0,0,0
903,FG_YUNDONG,2000,,HZ_FANHUA,1800,,HZ_RUYADUANZHUANG,1400,,,,,,,,2000,1000,,0,0,0
904,FG_YUNDONG,2000,,HZ_FANHUA,1800,,HZ_HUOPO,1400,,,,,,,,2000,1000,,0,0,0
905,FG_YUNDONG,2000,,HZ_FANHUA,1800,,HZ_FENGLIUWUMEI,1400,,,,,,,,2000,1000,,0,0,0
906,FG_YUNDONG,2000,,HZ_FANHUA,1800,,HZ_TONGZHEN,1400,,,,,,,,2000,1000,,0,0,0
907,FG_YUNDONG,2000,,HZ_FANHUA,1800,,HZ_BAONUAN,1400,,,,,,,,2000,1000,,0,0,0
908,FG_YUNDONG,2000,,HZ_FANHUA,1800,,HZ_QINGLIANG,1400,,,,,,,,2000,1000,,0,0,0
909,FG_YUNDONG,2000,,HZ_JIANYUE,1800,,HZ_CHENGSHU,1400,,,,,,,,2000,1000,,0,0,0
910,FG_YUNDONG,2000,,HZ_JIANYUE,1800,,HZ_QINGCHUN,1400,,,,,,,,2000,1000,,0,0,0
911,FG_YUNDONG,2000,,HZ_JIANYUE,1800,,HZ_RUYADUANZHUANG,1400,,,,,,,,2000,1000,,0,0,0
912,FG_YUNDONG,2000,,HZ_JIANYUE,1800,,HZ_HUOPO,1400,,,,,,,,2000,1000,,0,0,0
913,FG_YUNDONG,2000,,HZ_JIANYUE,1800,,HZ_FENGLIUWUMEI,1400,,,,,,,,2000,1000,,0,0,0
914,FG_YUNDONG,2000,,HZ_JIANYUE,1800,,HZ_TONGZHEN,1400,,,,,,,,2000,1000,,0,0,0
915,FG_YUNDONG,2000,,HZ_JIANYUE,1800,,HZ_BAONUAN,1400,,,,,,,,2000,1000,,0,0,0
916,FG_YUNDONG,2000,,HZ_JIANYUE,1800,,HZ_QINGLIANG,1400,,,,,,,,2000,1000,,0,0,0
917,FG_YUNDONG,2000,,HZ_CHENGSHU,1800,,HZ_RUYADUANZHUANG,1400,,,,,,,,2000,1000,,0,0,0
918,FG_YUNDONG,2000,,HZ_CHENGSHU,1800,,HZ_HUOPO,1400,,,,,,,,2000,1000,,0,0,0
919,FG_YUNDONG,2000,,HZ_CHENGSHU,1800,,HZ_FENGLIUWUMEI,1400,,,,,,,,2000,1000,,0,0,0
920,FG_YUNDONG,2000,,HZ_CHENGSHU,1800,,HZ_TONGZHEN,1400,,,,,,,,2000,1000,,0,0,0
921,FG_YUNDONG,2000,,HZ_CHENGSHU,1800,,HZ_BAONUAN,1400,,,,,,,,2000,1000,,0,0,0
922,FG_YUNDONG,2000,,HZ_CHENGSHU,1800,,HZ_QINGLIANG,1400,,,,,,,,2000,1000,,0,0,0
923,FG_YUNDONG,2000,,HZ_QINGCHUN,1800,,HZ_RUYADUANZHUANG,1400,,,,,,,,2000,1000,,0,0,0
924,FG_YUNDONG,2000,,HZ_QINGCHUN,1800,,HZ_HUOPO,1400,,,,,,,,2000,1000,,0,0,0
925,FG_YUNDONG,2000,,HZ_QINGCHUN,1800,,HZ_FENGLIUWUMEI,1400,,,,,,,,2000,1000,,0,0,0
926,FG_YUNDONG,2000,,HZ_QINGCHUN,1800,,HZ_TONGZHEN,1400,,,,,,,,2000,1000,,0,0,0
927,FG_YUNDONG,2000,,HZ_QINGCHUN,1800,,HZ_BAONUAN,1400,,,,,,,,2000,1000,,0,0,0
928,FG_YUNDONG,2000,,HZ_QINGCHUN,1800,,HZ_QINGLIANG,1400,,,,,,,,2000,1000,,0,0,0
929,FG_YUNDONG,2000,,HZ_RUYADUANZHUANG,1800,,HZ_FENGLIUWUMEI,1400,,,,,,,,2000,1000,,0,0,0
930,FG_YUNDONG,2000,,HZ_RUYADUANZHUANG,1800,,HZ_TONGZHEN,1400,,,,,,,,2000,1000,,0,0,0
931,FG_YUNDONG,2000,,HZ_RUYADUANZHUANG,1800,,HZ_BAONUAN,1400,,,,,,,,2000,1000,,0,0,0
932,FG_YUNDONG,2000,,HZ_RUYADUANZHUANG,1800,,HZ_QINGLIANG,1400,,,,,,,,2000,1000,,0,0,0
933,FG_YUNDONG,2000,,HZ_HUOPO,1800,,HZ_FENGLIUWUMEI,1400,,,,,,,,2000,1000,,0,0,0
934,FG_YUNDONG,2000,,HZ_HUOPO,1800,,HZ_TONGZHEN,1400,,,,,,,,2000,1000,,0,0,0
935,FG_YUNDONG,2000,,HZ_HUOPO,1800,,HZ_BAONUAN,1400,,,,,,,,2000,1000,,0,0,0
936,FG_YUNDONG,2000,,HZ_HUOPO,1800,,HZ_QINGLIANG,1400,,,,,,,,2000,1000,,0,0,0
937,FG_YUNDONG,2000,,HZ_FENGLIUWUMEI,1800,,HZ_BAONUAN,1400,,,,,,,,2000,1000,,0,0,0
938,FG_YUNDONG,2000,,HZ_FENGLIUWUMEI,1800,,HZ_QINGLIANG,1400,,,,,,,,2000,1000,,0,0,0
939,FG_YUNDONG,2000,,HZ_TONGZHEN,1800,,HZ_BAONUAN,1400,,,,,,,,2000,1000,,0,0,0
940,FG_YUNDONG,2000,,HZ_TONGZHEN,1800,,HZ_QINGLIANG,1400,,,,,,,,2000,1000,,0,0,0
1001,FG_XIJU,2000,,HZ_FANHUA,1800,,HZ_CHENGSHU,1400,,,,,,,,2000,1000,,0,0,0
1002,FG_XIJU,2000,,HZ_FANHUA,1800,,HZ_QINGCHUN,1400,,,,,,,,2000,1000,,0,0,0
1003,FG_XIJU,2000,,HZ_FANHUA,1800,,HZ_RUYADUANZHUANG,1400,,,,,,,,2000,1000,,0,0,0
1004,FG_XIJU,2000,,HZ_FANHUA,1800,,HZ_HUOPO,1400,,,,,,,,2000,1000,,0,0,0
1005,FG_XIJU,2000,,HZ_FANHUA,1800,,HZ_FENGLIUWUMEI,1400,,,,,,,,2000,1000,,0,0,0
1006,FG_XIJU,2000,,HZ_FANHUA,1800,,HZ_TONGZHEN,1400,,,,,,,,2000,1000,,0,0,0
1007,FG_XIJU,2000,,HZ_FANHUA,1800,,HZ_BAONUAN,1400,,,,,,,,2000,1000,,0,0,0
1008,FG_XIJU,2000,,HZ_FANHUA,1800,,HZ_QINGLIANG,1400,,,,,,,,2000,1000,,0,0,0
1009,FG_XIJU,2000,,HZ_JIANYUE,1800,,HZ_CHENGSHU,1400,,,,,,,,2000,1000,,0,0,0
1010,FG_XIJU,2000,,HZ_JIANYUE,1800,,HZ_QINGCHUN,1400,,,,,,,,2000,1000,,0,0,0
1011,FG_XIJU,2000,,HZ_JIANYUE,1800,,HZ_RUYADUANZHUANG,1400,,,,,,,,2000,1000,,0,0,0
1012,FG_XIJU,2000,,HZ_JIANYUE,1800,,HZ_HUOPO,1400,,,,,,,,2000,1000,,0,0,0
1013,FG_XIJU,2000,,HZ_JIANYUE,1800,,HZ_FENGLIUWUMEI,1400,,,,,,,,2000,1000,,0,0,0
1014,FG_XIJU,2000,,HZ_JIANYUE,1800,,HZ_TONGZHEN,1400,,,,,,,,2000,1000,,0,0,0
1015,FG_XIJU,2000,,HZ_JIANYUE,1800,,HZ_BAONUAN,1400,,,,,,,,2000,1000,,0,0,0
1016,FG_XIJU,2000,,HZ_JIANYUE,1800,,HZ_QINGLIANG,1400,,,,,,,,2000,1000,,0,0,0
1017,FG_XIJU,2000,,HZ_CHENGSHU,1800,,HZ_RUYADUANZHUANG,1400,,,,,,,,2000,1000,,0,0,0
1018,FG_XIJU,2000,,HZ_CHENGSHU,1800,,HZ_HUOPO,1400,,,,,,,,2000,1000,,0,0,0
1019,FG_XIJU,2000,,HZ_CHENGSHU,1800,,HZ_FENGLIUWUMEI,1400,,,,,,,,2000,1000,,0,0,0
1020,FG_XIJU,2000,,HZ_CHENGSHU,1800,,HZ_TONGZHEN,1400,,,,,,,,2000,1000,,0,0,0
1021,FG_XIJU,2000,,HZ_CHENGSHU,1800,,HZ_BAONUAN,1400,,,,,,,,2000,1000,,0,0,0
1022,FG_XIJU,2000,,HZ_CHENGSHU,1800,,HZ_QINGLIANG,1400,,,,,,,,2000,1000,,0,0,0
1023,FG_XIJU,2000,,HZ_QINGCHUN,1800,,HZ_RUYADUANZHUANG,1400,,,,,,,,2000,1000,,0,0,0
1024,FG_XIJU,2000,,HZ_QINGCHUN,1800,,HZ_HUOPO,1400,,,,,,,,2000,1000,,0,0,0
1025,FG_XIJU,2000,,HZ_QINGCHUN,1800,,HZ_FENGLIUWUMEI,1400,,,,,,,,2000,1000,,0,0,0
1026,FG_XIJU,2000,,HZ_QINGCHUN,1800,,HZ_TONGZHEN,1400,,,,,,,,2000,1000,,0,0,0
1027,FG_XIJU,2000,,HZ_QINGCHUN,1800,,HZ_BAONUAN,1400,,,,,,,,2000,1000,,0,0,0
1028,FG_XIJU,2000,,HZ_QINGCHUN,1800,,HZ_QINGLIANG,1400,,,,,,,,2000,1000,,0,0,0
1029,FG_XIJU,2000,,HZ_RUYADUANZHUANG,1800,,HZ_FENGLIUWUMEI,1400,,,,,,,,2000,1000,,0,0,0
1030,FG_XIJU,2000,,HZ_RUYADUANZHUANG,1800,,HZ_TONGZHEN,1400,,,,,,,,2000,1000,,0,0,0
1031,FG_XIJU,2000,,HZ_RUYADUANZHUANG,1800,,HZ_BAONUAN,1400,,,,,,,,2000,1000,,0,0,0
1032,FG_XIJU,2000,,HZ_RUYADUANZHUANG,1800,,HZ_QINGLIANG,1400,,,,,,,,2000,1000,,0,0,0
1033,FG_XIJU,2000,,HZ_HUOPO,1800,,HZ_FENGLIUWUMEI,1400,,,,,,,,2000,1000,,0,0,0
1034,FG_XIJU,2000,,HZ_HUOPO,1800,,HZ_TONGZHEN,1400,,,,,,,,2000,1000,,0,0,0
1035,FG_XIJU,2000,,HZ_HUOPO,1800,,HZ_BAONUAN,1400,,,,,,,,2000,1000,,0,0,0
1036,FG_XIJU,2000,,HZ_HUOPO,1800,,HZ_QINGLIANG,1400,,,,,,,,2000,1000,,0,0,0
1037,FG_XIJU,2000,,HZ_FENGLIUWUMEI,1800,,HZ_BAONUAN,1400,,,,,,,,2000,1000,,0,0,0
1038,FG_XIJU,2000,,HZ_FENGLIUWUMEI,1800,,HZ_QINGLIANG,1400,,,,,,,,2000,1000,,0,0,0
1039,FG_XIJU,2000,,HZ_TONGZHEN,1800,,HZ_BAONUAN,1400,,,,,,,,2000,1000,,0,0,0
1040,FG_XIJU,2000,,HZ_TONGZHEN,1800,,HZ_QINGLIANG,1400,,,,,,,,2000,1000,,0,0,0
1101,FG_SHUMO,2000,,HZ_FANHUA,1800,,HZ_CHENGSHU,1400,,,,,,,,2000,1000,,0,0,0
1102,FG_SHUMO,2000,,HZ_FANHUA,1800,,HZ_QINGCHUN,1400,,,,,,,,2000,1000,,0,0,0
1103,FG_SHUMO,2000,,HZ_FANHUA,1800,,HZ_RUYADUANZHUANG,1400,,,,,,,,2000,1000,,0,0,0
1104,FG_SHUMO,2000,,HZ_FANHUA,1800,,HZ_HUOPO,1400,,,,,,,,2000,1000,,0,0,0
1105,FG_SHUMO,2000,,HZ_FANHUA,1800,,HZ_FENGLIUWUMEI,1400,,,,,,,,2000,1000,,0,0,0
1106,FG_SHUMO,2000,,HZ_FANHUA,1800,,HZ_TONGZHEN,1400,,,,,,,,2000,1000,,0,0,0
1107,FG_SHUMO,2000,,HZ_FANHUA,1800,,HZ_BAONUAN,1400,,,,,,,,2000,1000,,0,0,0
1108,FG_SHUMO,2000,,HZ_FANHUA,1800,,HZ_QINGLIANG,1400,,,,,,,,2000,1000,,0,0,0
1109,FG_SHUMO,2000,,HZ_JIANYUE,1800,,HZ_CHENGSHU,1400,,,,,,,,2000,1000,,0,0,0
1110,FG_SHUMO,2000,,HZ_JIANYUE,1800,,HZ_QINGCHUN,1400,,,,,,,,2000,1000,,0,0,0
1111,FG_SHUMO,2000,,HZ_JIANYUE,1800,,HZ_RUYADUANZHUANG,1400,,,,,,,,2000,1000,,0,0,0
1112,FG_SHUMO,2000,,HZ_JIANYUE,1800,,HZ_HUOPO,1400,,,,,,,,2000,1000,,0,0,0
1113,FG_SHUMO,2000,,HZ_JIANYUE,1800,,HZ_FENGLIUWUMEI,1400,,,,,,,,2000,1000,,0,0,0
1114,FG_SHUMO,2000,,HZ_JIANYUE,1800,,HZ_TONGZHEN,1400,,,,,,,,2000,1000,,0,0,0
1115,FG_SHUMO,2000,,HZ_JIANYUE,1800,,HZ_BAONUAN,1400,,,,,,,,2000,1000,,0,0,0
1116,FG_SHUMO,2000,,HZ_JIANYUE,1800,,HZ_QINGLIANG,1400,,,,,,,,2000,1000,,0,0,0
1117,FG_SHUMO,2000,,HZ_CHENGSHU,1800,,HZ_RUYADUANZHUANG,1400,,,,,,,,2000,1000,,0,0,0
1118,FG_SHUMO,2000,,HZ_CHENGSHU,1800,,HZ_HUOPO,1400,,,,,,,,2000,1000,,0,0,0
1119,FG_SHUMO,2000,,HZ_CHENGSHU,1800,,HZ_FENGLIUWUMEI,1400,,,,,,,,2000,1000,,0,0,0
1120,FG_SHUMO,2000,,HZ_CHENGSHU,1800,,HZ_TONGZHEN,1400,,,,,,,,2000,1000,,0,0,0
1121,FG_SHUMO,2000,,HZ_CHENGSHU,1800,,HZ_BAONUAN,1400,,,,,,,,2000,1000,,0,0,0
1122,FG_SHUMO,2000,,HZ_CHENGSHU,1800,,HZ_QINGLIANG,1400,,,,,,,,2000,1000,,0,0,0
1123,FG_SHUMO,2000,,HZ_QINGCHUN,1800,,HZ_RUYADUANZHUANG,1400,,,,,,,,2000,1000,,0,0,0
1124,FG_SHUMO,2000,,HZ_QINGCHUN,1800,,HZ_HUOPO,1400,,,,,,,,2000,1000,,0,0,0
1125,FG_SHUMO,2000,,HZ_QINGCHUN,1800,,HZ_FENGLIUWUMEI,1400,,,,,,,,2000,1000,,0,0,0
1126,FG_SHUMO,2000,,HZ_QINGCHUN,1800,,HZ_TONGZHEN,1400,,,,,,,,2000,1000,,0,0,0
1127,FG_SHUMO,2000,,HZ_QINGCHUN,1800,,HZ_BAONUAN,1400,,,,,,,,2000,1000,,0,0,0
1128,FG_SHUMO,2000,,HZ_QINGCHUN,1800,,HZ_QINGLIANG,1400,,,,,,,,2000,1000,,0,0,0
1129,FG_SHUMO,2000,,HZ_RUYADUANZHUANG,1800,,HZ_FENGLIUWUMEI,1400,,,,,,,,2000,1000,,0,0,0
1130,FG_SHUMO,2000,,HZ_RUYADUANZHUANG,1800,,HZ_TONGZHEN,1400,,,,,,,,2000,1000,,0,0,0
1131,FG_SHUMO,2000,,HZ_RUYADUANZHUANG,1800,,HZ_BAONUAN,1400,,,,,,,,2000,1000,,0,0,0
1132,FG_SHUMO,2000,,HZ_RUYADUANZHUANG,1800,,HZ_QINGLIANG,1400,,,,,,,,2000,1000,,0,0,0
1133,FG_SHUMO,2000,,HZ_HUOPO,1800,,HZ_FENGLIUWUMEI,1400,,,,,,,,2000,1000,,0,0,0
1134,FG_SHUMO,2000,,HZ_HUOPO,1800,,HZ_TONGZHEN,1400,,,,,,,,2000,1000,,0,0,0
1135,FG_SHUMO,2000,,HZ_HUOPO,1800,,HZ_BAONUAN,1400,,,,,,,,2000,1000,,0,0,0
1136,FG_SHUMO,2000,,HZ_HUOPO,1800,,HZ_QINGLIANG,1400,,,,,,,,2000,1000,,0,0,0
1137,FG_SHUMO,2000,,HZ_FENGLIUWUMEI,1800,,HZ_BAONUAN,1400,,,,,,,,2000,1000,,0,0,0
1138,FG_SHUMO,2000,,HZ_FENGLIUWUMEI,1800,,HZ_QINGLIANG,1400,,,,,,,,2000,1000,,0,0,0
1139,FG_SHUMO,2000,,HZ_TONGZHEN,1800,,HZ_BAONUAN,1400,,,,,,,,2000,1000,,0,0,0
1140,FG_SHUMO,2000,,HZ_TONGZHEN,1800,,HZ_QINGLIANG,1400,,,,,,,,2000,1000,,0,0,0
1201,FG_ZHENGZHAN,2000,,HZ_FANHUA,1800,,HZ_CHENGSHU,1400,,,,,,,,2000,1000,,0,0,0
1202,FG_ZHENGZHAN,2000,,HZ_FANHUA,1800,,HZ_QINGCHUN,1400,,,,,,,,2000,1000,,0,0,0
1203,FG_ZHENGZHAN,2000,,HZ_FANHUA,1800,,HZ_RUYADUANZHUANG,1400,,,,,,,,2000,1000,,0,0,0
1204,FG_ZHENGZHAN,2000,,HZ_FANHUA,1800,,HZ_HUOPO,1400,,,,,,,,2000,1000,,0,0,0
1205,FG_ZHENGZHAN,2000,,HZ_FANHUA,1800,,HZ_FENGLIUWUMEI,1400,,,,,,,,2000,1000,,0,0,0
1206,FG_ZHENGZHAN,2000,,HZ_FANHUA,1800,,HZ_TONGZHEN,1400,,,,,,,,2000,1000,,0,0,0
1207,FG_ZHENGZHAN,2000,,HZ_FANHUA,1800,,HZ_BAONUAN,1400,,,,,,,,2000,1000,,0,0,0
1208,FG_ZHENGZHAN,2000,,HZ_FANHUA,1800,,HZ_QINGLIANG,1400,,,,,,,,2000,1000,,0,0,0
1209,FG_ZHENGZHAN,2000,,HZ_JIANYUE,1800,,HZ_CHENGSHU,1400,,,,,,,,2000,1000,,0,0,0
1210,FG_ZHENGZHAN,2000,,HZ_JIANYUE,1800,,HZ_QINGCHUN,1400,,,,,,,,2000,1000,,0,0,0
1211,FG_ZHENGZHAN,2000,,HZ_JIANYUE,1800,,HZ_RUYADUANZHUANG,1400,,,,,,,,2000,1000,,0,0,0
1212,FG_ZHENGZHAN,2000,,HZ_JIANYUE,1800,,HZ_HUOPO,1400,,,,,,,,2000,1000,,0,0,0
1213,FG_ZHENGZHAN,2000,,HZ_JIANYUE,1800,,HZ_FENGLIUWUMEI,1400,,,,,,,,2000,1000,,0,0,0
1214,FG_ZHENGZHAN,2000,,HZ_JIANYUE,1800,,HZ_TONGZHEN,1400,,,,,,,,2000,1000,,0,0,0
1215,FG_ZHENGZHAN,2000,,HZ_JIANYUE,1800,,HZ_BAONUAN,1400,,,,,,,,2000,1000,,0,0,0
1216,FG_ZHENGZHAN,2000,,HZ_JIANYUE,1800,,HZ_QINGLIANG,1400,,,,,,,,2000,1000,,0,0,0
1217,FG_ZHENGZHAN,2000,,HZ_CHENGSHU,1800,,HZ_RUYADUANZHUANG,1400,,,,,,,,2000,1000,,0,0,0
1218,FG_ZHENGZHAN,2000,,HZ_CHENGSHU,1800,,HZ_HUOPO,1400,,,,,,,,2000,1000,,0,0,0
1219,FG_ZHENGZHAN,2000,,HZ_CHENGSHU,1800,,HZ_FENGLIUWUMEI,1400,,,,,,,,2000,1000,,0,0,0
1220,FG_ZHENGZHAN,2000,,HZ_CHENGSHU,1800,,HZ_TONGZHEN,1400,,,,,,,,2000,1000,,0,0,0
1221,FG_ZHENGZHAN,2000,,HZ_CHENGSHU,1800,,HZ_BAONUAN,1400,,,,,,,,2000,1000,,0,0,0
1222,FG_ZHENGZHAN,2000,,HZ_CHENGSHU,1800,,HZ_QINGLIANG,1400,,,,,,,,2000,1000,,0,0,0
1223,FG_ZHENGZHAN,2000,,HZ_QINGCHUN,1800,,HZ_RUYADUANZHUANG,1400,,,,,,,,2000,1000,,0,0,0
1224,FG_ZHENGZHAN,2000,,HZ_QINGCHUN,1800,,HZ_HUOPO,1400,,,,,,,,2000,1000,,0,0,0
1225,FG_ZHENGZHAN,2000,,HZ_QINGCHUN,1800,,HZ_FENGLIUWUMEI,1400,,,,,,,,2000,1000,,0,0,0
1226,FG_ZHENGZHAN,2000,,HZ_QINGCHUN,1800,,HZ_TONGZHEN,1400,,,,,,,,2000,1000,,0,0,0
1227,FG_ZHENGZHAN,2000,,HZ_QINGCHUN,1800,,HZ_BAONUAN,1400,,,,,,,,2000,1000,,0,0,0
1228,FG_ZHENGZHAN,2000,,HZ_QINGCHUN,1800,,HZ_QINGLIANG,1400,,,,,,,,2000,1000,,0,0,0
1229,FG_ZHENGZHAN,2000,,HZ_RUYADUANZHUANG,1800,,HZ_FENGLIUWUMEI,1400,,,,,,,,2000,1000,,0,0,0
1230,FG_ZHENGZHAN,2000,,HZ_RUYADUANZHUANG,1800,,HZ_TONGZHEN,1400,,,,,,,,2000,1000,,0,0,0
1231,FG_ZHENGZHAN,2000,,HZ_RUYADUANZHUANG,1800,,HZ_BAONUAN,1400,,,,,,,,2000,1000,,0,0,0
1232,FG_ZHENGZHAN,2000,,HZ_RUYADUANZHUANG,1800,,HZ_QINGLIANG,1400,,,,,,,,2000,1000,,0,0,0
1233,FG_ZHENGZHAN,2000,,HZ_HUOPO,1800,,HZ_FENGLIUWUMEI,1400,,,,,,,,2000,1000,,0,0,0
1234,FG_ZHENGZHAN,2000,,HZ_HUOPO,1800,,HZ_TONGZHEN,1400,,,,,,,,2000,1000,,0,0,0
1235,FG_ZHENGZHAN,2000,,HZ_HUOPO,1800,,HZ_BAONUAN,1400,,,,,,,,2000,1000,,0,0,0
1236,FG_ZHENGZHAN,2000,,HZ_HUOPO,1800,,HZ_QINGLIANG,1400,,,,,,,,2000,1000,,0,0,0
1237,FG_ZHENGZHAN,2000,,HZ_FENGLIUWUMEI,1800,,HZ_BAONUAN,1400,,,,,,,,2000,1000,,0,0,0
1238,FG_ZHENGZHAN,2000,,HZ_FENGLIUWUMEI,1800,,HZ_QINGLIANG,1400,,,,,,,,2000,1000,,0,0,0
1239,FG_ZHENGZHAN,2000,,HZ_TONGZHEN,1800,,HZ_BAONUAN,1400,,,,,,,,2000,1000,,0,0,0
1240,FG_ZHENGZHAN,2000,,HZ_TONGZHEN,1800,,HZ_QINGLIANG,1400,,,,,,,,2000,1000,,0,0,0
1301,FG_CHUANYUE,2000,,HZ_FANHUA,1800,,HZ_CHENGSHU,1400,,,,,,,,2000,1000,,0,0,0
1302,FG_CHUANYUE,2000,,HZ_FANHUA,1800,,HZ_QINGCHUN,1400,,,,,,,,2000,1000,,0,0,0
1303,FG_CHUANYUE,2000,,HZ_FANHUA,1800,,HZ_RUYADUANZHUANG,1400,,,,,,,,2000,1000,,0,0,0
1304,FG_CHUANYUE,2000,,HZ_FANHUA,1800,,HZ_HUOPO,1400,,,,,,,,2000,1000,,0,0,0
1305,FG_CHUANYUE,2000,,HZ_FANHUA,1800,,HZ_FENGLIUWUMEI,1400,,,,,,,,2000,1000,,0,0,0
1306,FG_CHUANYUE,2000,,HZ_FANHUA,1800,,HZ_TONGZHEN,1400,,,,,,,,2000,1000,,0,0,0
1307,FG_CHUANYUE,2000,,HZ_FANHUA,1800,,HZ_BAONUAN,1400,,,,,,,,2000,1000,,0,0,0
1308,FG_CHUANYUE,2000,,HZ_FANHUA,1800,,HZ_QINGLIANG,1400,,,,,,,,2000,1000,,0,0,0
1309,FG_CHUANYUE,2000,,HZ_JIANYUE,1800,,HZ_CHENGSHU,1400,,,,,,,,2000,1000,,0,0,0
1310,FG_CHUANYUE,2000,,HZ_JIANYUE,1800,,HZ_QINGCHUN,1400,,,,,,,,2000,1000,,0,0,0
1311,FG_CHUANYUE,2000,,HZ_JIANYUE,1800,,HZ_RUYADUANZHUANG,1400,,,,,,,,2000,1000,,0,0,0
1312,FG_CHUANYUE,2000,,HZ_JIANYUE,1800,,HZ_HUOPO,1400,,,,,,,,2000,1000,,0,0,0
1313,FG_CHUANYUE,2000,,HZ_JIANYUE,1800,,HZ_FENGLIUWUMEI,1400,,,,,,,,2000,1000,,0,0,0
1314,FG_CHUANYUE,2000,,HZ_JIANYUE,1800,,HZ_TONGZHEN,1400,,,,,,,,2000,1000,,0,0,0
1315,FG_CHUANYUE,2000,,HZ_JIANYUE,1800,,HZ_BAONUAN,1400,,,,,,,,2000,1000,,0,0,0
1316,FG_CHUANYUE,2000,,HZ_JIANYUE,1800,,HZ_QINGLIANG,1400,,,,,,,,2000,1000,,0,0,0
1317,FG_CHUANYUE,2000,,HZ_CHENGSHU,1800,,HZ_RUYADUANZHUANG,1400,,,,,,,,2000,1000,,0,0,0
1318,FG_CHUANYUE,2000,,HZ_CHENGSHU,1800,,HZ_HUOPO,1400,,,,,,,,2000,1000,,0,0,0
1319,FG_CHUANYUE,2000,,HZ_CHENGSHU,1800,,HZ_FENGLIUWUMEI,1400,,,,,,,,2000,1000,,0,0,0
1320,FG_CHUANYUE,2000,,HZ_CHENGSHU,1800,,HZ_TONGZHEN,1400,,,,,,,,2000,1000,,0,0,0
1321,FG_CHUANYUE,2000,,HZ_CHENGSHU,1800,,HZ_BAONUAN,1400,,,,,,,,2000,1000,,0,0,0
1322,FG_CHUANYUE,2000,,HZ_CHENGSHU,1800,,HZ_QINGLIANG,1400,,,,,,,,2000,1000,,0,0,0
1323,FG_CHUANYUE,2000,,HZ_QINGCHUN,1800,,HZ_RUYADUANZHUANG,1400,,,,,,,,2000,1000,,0,0,0
1324,FG_CHUANYUE,2000,,HZ_QINGCHUN,1800,,HZ_HUOPO,1400,,,,,,,,2000,1000,,0,0,0
1325,FG_CHUANYUE,2000,,HZ_QINGCHUN,1800,,HZ_FENGLIUWUMEI,1400,,,,,,,,2000,1000,,0,0,0
1326,FG_CHUANYUE,2000,,HZ_QINGCHUN,1800,,HZ_TONGZHEN,1400,,,,,,,,2000,1000,,0,0,0
1327,FG_CHUANYUE,2000,,HZ_QINGCHUN,1800,,HZ_BAONUAN,1400,,,,,,,,2000,1000,,0,0,0
1328,FG_CHUANYUE,2000,,HZ_QINGCHUN,1800,,HZ_QINGLIANG,1400,,,,,,,,2000,1000,,0,0,0
1329,FG_CHUANYUE,2000,,HZ_RUYADUANZHUANG,1800,,HZ_FENGLIUWUMEI,1400,,,,,,,,2000,1000,,0,0,0
1330,FG_CHUANYUE,2000,,HZ_RUYADUANZHUANG,1800,,HZ_TONGZHEN,1400,,,,,,,,2000,1000,,0,0,0
1331,FG_CHUANYUE,2000,,HZ_RUYADUANZHUANG,1800,,HZ_BAONUAN,1400,,,,,,,,2000,1000,,0,0,0
1332,FG_CHUANYUE,2000,,HZ_RUYADUANZHUANG,1800,,HZ_QINGLIANG,1400,,,,,,,,2000,1000,,0,0,0
1333,FG_CHUANYUE,2000,,HZ_HUOPO,1800,,HZ_FENGLIUWUMEI,1400,,,,,,,,2000,1000,,0,0,0
1334,FG_CHUANYUE,2000,,HZ_HUOPO,1800,,HZ_TONGZHEN,1400,,,,,,,,2000,1000,,0,0,0
1335,FG_CHUANYUE,2000,,HZ_HUOPO,1800,,HZ_BAONUAN,1400,,,,,,,,2000,1000,,0,0,0
1336,FG_CHUANYUE,2000,,HZ_HUOPO,1800,,HZ_QINGLIANG,1400,,,,,,,,2000,1000,,0,0,0
1337,FG_CHUANYUE,2000,,HZ_FENGLIUWUMEI,1800,,HZ_BAONUAN,1400,,,,,,,,2000,1000,,0,0,0
1338,FG_CHUANYUE,2000,,HZ_FENGLIUWUMEI,1800,,HZ_QINGLIANG,1400,,,,,,,,2000,1000,,0,0,0
1339,FG_CHUANYUE,2000,,HZ_TONGZHEN,1800,,HZ_BAONUAN,1400,,,,,,,,2000,1000,,0,0,0
1340,FG_CHUANYUE,2000,,HZ_TONGZHEN,1800,,HZ_QINGLIANG,1400,,,,,,,,2000,1000,,0,0,0
1401,FG_ZOUYUE,2000,,HZ_FANHUA,1800,,HZ_CHENGSHU,1400,,,,,,,,2000,1000,,0,0,0
1402,FG_ZOUYUE,2000,,HZ_FANHUA,1800,,HZ_QINGCHUN,1400,,,,,,,,2000,1000,,0,0,0
1403,FG_ZOUYUE,2000,,HZ_FANHUA,1800,,HZ_RUYADUANZHUANG,1400,,,,,,,,2000,1000,,0,0,0
1404,FG_ZOUYUE,2000,,HZ_FANHUA,1800,,HZ_HUOPO,1400,,,,,,,,2000,1000,,0,0,0
1405,FG_ZOUYUE,2000,,HZ_FANHUA,1800,,HZ_FENGLIUWUMEI,1400,,,,,,,,2000,1000,,0,0,0
1406,FG_ZOUYUE,2000,,HZ_FANHUA,1800,,HZ_TONGZHEN,1400,,,,,,,,2000,1000,,0,0,0
1407,FG_ZOUYUE,2000,,HZ_FANHUA,1800,,HZ_BAONUAN,1400,,,,,,,,2000,1000,,0,0,0
1408,FG_ZOUYUE,2000,,HZ_FANHUA,1800,,HZ_QINGLIANG,1400,,,,,,,,2000,1000,,0,0,0
1409,FG_ZOUYUE,2000,,HZ_JIANYUE,1800,,HZ_CHENGSHU,1400,,,,,,,,2000,1000,,0,0,0
1410,FG_ZOUYUE,2000,,HZ_JIANYUE,1800,,HZ_QINGCHUN,1400,,,,,,,,2000,1000,,0,0,0
1411,FG_ZOUYUE,2000,,HZ_JIANYUE,1800,,HZ_RUYADUANZHUANG,1400,,,,,,,,2000,1000,,0,0,0
1412,FG_ZOUYUE,2000,,HZ_JIANYUE,1800,,HZ_HUOPO,1400,,,,,,,,2000,1000,,0,0,0
1413,FG_ZOUYUE,2000,,HZ_JIANYUE,1800,,HZ_FENGLIUWUMEI,1400,,,,,,,,2000,1000,,0,0,0
1414,FG_ZOUYUE,2000,,HZ_JIANYUE,1800,,HZ_TONGZHEN,1400,,,,,,,,2000,1000,,0,0,0
1415,FG_ZOUYUE,2000,,HZ_JIANYUE,1800,,HZ_BAONUAN,1400,,,,,,,,2000,1000,,0,0,0
1416,FG_ZOUYUE,2000,,HZ_JIANYUE,1800,,HZ_QINGLIANG,1400,,,,,,,,2000,1000,,0,0,0
1417,FG_ZOUYUE,2000,,HZ_CHENGSHU,1800,,HZ_RUYADUANZHUANG,1400,,,,,,,,2000,1000,,0,0,0
1418,FG_ZOUYUE,2000,,HZ_CHENGSHU,1800,,HZ_HUOPO,1400,,,,,,,,2000,1000,,0,0,0
1419,FG_ZOUYUE,2000,,HZ_CHENGSHU,1800,,HZ_FENGLIUWUMEI,1400,,,,,,,,2000,1000,,0,0,0
1420,FG_ZOUYUE,2000,,HZ_CHENGSHU,1800,,HZ_TONGZHEN,1400,,,,,,,,2000,1000,,0,0,0
1421,FG_ZOUYUE,2000,,HZ_CHENGSHU,1800,,HZ_BAONUAN,1400,,,,,,,,2000,1000,,0,0,0
1422,FG_ZOUYUE,2000,,HZ_CHENGSHU,1800,,HZ_QINGLIANG,1400,,,,,,,,2000,1000,,0,0,0
1423,FG_ZOUYUE,2000,,HZ_QINGCHUN,1800,,HZ_RUYADUANZHUANG,1400,,,,,,,,2000,1000,,0,0,0
1424,FG_ZOUYUE,2000,,HZ_QINGCHUN,1800,,HZ_HUOPO,1400,,,,,,,,2000,1000,,0,0,0
1425,FG_ZOUYUE,2000,,HZ_QINGCHUN,1800,,HZ_FENGLIUWUMEI,1400,,,,,,,,2000,1000,,0,0,0
1426,FG_ZOUYUE,2000,,HZ_QINGCHUN,1800,,HZ_TONGZHEN,1400,,,,,,,,2000,1000,,0,0,0
1427,FG_ZOUYUE,2000,,HZ_QINGCHUN,1800,,HZ_BAONUAN,1400,,,,,,,,2000,1000,,0,0,0
1428,FG_ZOUYUE,2000,,HZ_QINGCHUN,1800,,HZ_QINGLIANG,1400,,,,,,,,2000,1000,,0,0,0
1429,FG_ZOUYUE,2000,,HZ_RUYADUANZHUANG,1800,,HZ_FENGLIUWUMEI,1400,,,,,,,,2000,1000,,0,0,0
1430,FG_ZOUYUE,2000,,HZ_RUYADUANZHUANG,1800,,HZ_TONGZHEN,1400,,,,,,,,2000,1000,,0,0,0
1431,FG_ZOUYUE,2000,,HZ_RUYADUANZHUANG,1800,,HZ_BAONUAN,1400,,,,,,,,2000,1000,,0,0,0
1432,FG_ZOUYUE,2000,,HZ_RUYADUANZHUANG,1800,,HZ_QINGLIANG,1400,,,,,,,,2000,1000,,0,0,0
1433,FG_ZOUYUE,2000,,HZ_HUOPO,1800,,HZ_FENGLIUWUMEI,1400,,,,,,,,2000,1000,,0,0,0
1434,FG_ZOUYUE,2000,,HZ_HUOPO,1800,,HZ_TONGZHEN,1400,,,,,,,,2000,1000,,0,0,0
1435,FG_ZOUYUE,2000,,HZ_HUOPO,1800,,HZ_BAONUAN,1400,,,,,,,,2000,1000,,0,0,0
1436,FG_ZOUYUE,2000,,HZ_HUOPO,1800,,HZ_QINGLIANG,1400,,,,,,,,2000,1000,,0,0,0
1437,FG_ZOUYUE,2000,,HZ_FENGLIUWUMEI,1800,,HZ_BAONUAN,1400,,,,,,,,2000,1000,,0,0,0
1438,FG_ZOUYUE,2000,,HZ_FENGLIUWUMEI,1800,,HZ_QINGLIANG,1400,,,,,,,,2000,1000,,0,0,0
1439,FG_ZOUYUE,2000,,HZ_TONGZHEN,1800,,HZ_BAONUAN,1400,,,,,,,,2000,1000,,0,0,0
1440,FG_ZOUYUE,2000,,HZ_TONGZHEN,1800,,HZ_QINGLIANG,1400,,,,,,,,2000,1000,,0,0,0
10001,FG_GUANCHANG,2000,,HZ_FANHUA,1800,,HZ_CHENGSHU,1400,,,,,,,,2000,1000,,0,0,0
10002,FG_ZOUYUE,2000,,HZ_RUYADUANZHUANG,1800,,HZ_FENGLIUWUMEI,1400,,,,,,,,2000,1000,,0,0,0
10003,FG_SHUMO,2000,,HZ_JIANYUE,1800,,HZ_HUOPO,1400,,,,,,,,2000,1000,,0,0,0
10004,FG_YUANYOU,2000,,HZ_FANHUA,1800,,HZ_CHENGSHU,1400,,,,,,,,2000,1000,,0,0,0
10005,FG_JIANGHU,2000,,HZ_QINGCHUN,1800,,HZ_QINGLIANG,1400,,,,,,,,2000,1000,,0,0,0
10006,FG_YEXING,2000,,HZ_CHENGSHU,1800,,HZ_FENGLIUWUMEI,1400,,,,,,,,2000,1000,,0,0,0
10007,FG_WUYI,2000,,HZ_FANHUA,1800,,HZ_QINGCHUN,1400,,,,,,,,2000,1000,,0,0,0
10008,FG_SHENGDIAN,2000,,HZ_FANHUA,1800,,HZ_BAONUAN,1400,,,,,,,,2000,1000,,0,0,0
10009,FG_XIJU,2000,,HZ_FANHUA,1800,,HZ_CHENGSHU,1400,,,,,,,,2000,1000,,0,0,0
10010,FG_ZHENGZHAN,2000,,HZ_JIANYUE,1800,,HZ_CHENGSHU,1400,,,,,,,,2000,1000,,0,0,0
10011,FG_YUNDONG,2000,,HZ_QINGCHUN,1800,,HZ_HUOPO,1400,,,,,,,,2000,1000,,0,0,0
10012,FG_XIUXIAN,2000,,HZ_RUYADUANZHUANG,1800,,HZ_QINGLIANG,1400,,,,,,,,2000,1000,,0,0,0
10013,FG_SHOULIE,2000,,HZ_JIANYUE,1800,,HZ_QINGCHUN,1400,,,,,,,,2000,1000,,0,0,0
20001,FG_JIANGHU,2000,,HZ_FENGLIUWUMEI,1800,,HZ_CHENGSHU,1400,,,,,,,,2200,1200,240101,0,0,0
20002,FG_WUYI,2000,,HZ_QINGCHUN,1800,,HZ_HUOPO,1400,,HZ_FANHUA,1200,,,,,2400,1600,240201,0,0,0
20003,FG_XIJU,2000,,HZ_FANHUA,1800,,HZ_RUYADUANZHUANG,1400,,,,,,,,2800,2000,240301,0,0,0
20004,FG_GUANCHANG,2000,,HZ_FANHUA,1800,,HZ_FENGLIUWUMEI,1400,,HZ_RUYADUANZHUANG,1200,,,,,3000,2200,240401,0,0,0
20005,FG_SHUMO,1800,,FG_ZHENGZHAN,1800,,HZ_RUYADUANZHUANG,1400,,HZ_YONGMENGYINGZI,1400,,HZ_CAIZIJIAREN,1000,,3000,2200,240501,0,0,0
20006,FG_SHENGDIAN,2000,,HZ_FANHUA,1800,,HZ_FENGLIUWUMEI,1400,,HZ_RUYADUANZHUANG,1200,,,,,3000,2200,240601,0,0,0
20007,FG_JIANGHU,1800,,FG_XIJU,1800,,HZ_QINGCHUN,1400,,HZ_HUOPO,1200,,HZ_CAIZIJIAREN,1000,,3000,2200,240701,0,0,0
20008,FG_SHENGDIAN,2000,,HZ_JIANYUE,1800,,HZ_QINGCHUN,1400,,HZ_RUYADUANZHUANG,1200,,,,,3000,2200,240801,0,0,0
20009,FG_GUANCHANG,2000,,HZ_FENGLIUWUMEI,1800,,HZ_FANHUA,1400,,,,,,,,3000,2200,240901,0,0,0
20010,FG_YUANYOU,2000,,HZ_RUYADUANZHUANG,1800,,HZ_FANHUA,1400,,,,,,,,3000,2200,241001,0,0,0
20011,FG_SHUMO,2000,,HZ_JIANYUE,1800,,HZ_RUYADUANZHUANG,1400,,HZ_CAIZIJIAREN,1200,,,,,3000,2200,241101,0,0,0
20012,FG_GUANCHANG,2000,,HZ_RUYADUANZHUANG,1800,,HZ_FANHUA,1400,,HZ_CHENGSHU,1200,,,,,3000,2200,241201,0,0,0
20013,FG_YUANYOU,2000,,FG_YUNDONG,1800,,HZ_JIANYUE,1400,,HZ_HUOPO,1200,,,,,3000,2200,241301,0,0,0
20014,FG_WUYI,2000,,HZ_FANHUA,1800,,HZ_FENGLIUWUMEI,1400,,,,,,,,3000,2200,241401,0,0,0
20015,FG_GUANCHANG,2000,,HZ_FANHUA,1800,,HZ_HUOPO,1400,,HZ_QINGCHUN,1200,,,,,3000,2200,241501,0,0,0
20016,FG_ZOUYUE,2000,,HZ_CAIZIJIAREN,1800,,HZ_JIANYUE,1400,,HZ_CHENGSHU,1200,,,,,3000,2200,241601,0,0,0
20017,FG_CHUANYUE,2000,,HZ_FENGLIUWUMEI,1800,,HZ_FANHUA,1400,,HZ_HUOPO,1200,,,,,3000,2200,241701,0,0,0
20018,FG_XIUXIAN,2000,,HZ_QINGLIANG,1800,,HZ_JIANYUE,1400,,HZ_QINGCHUN,1200,,,,,3000,2200,241801,0,0,0
20019,FG_SHENGDIAN,2000,,HZ_RUYADUANZHUANG,1800,,HZ_CHENGSHU,1400,,,,,,,,3000,2200,241901,0,0,0
20020,FG_GUANCHANG,1800,,FG_SHUMO,1800,,HZ_RUYADUANZHUANG,1400,,HZ_CAIZIJIAREN,1400,,,,,3000,2200,242001,0,0,0
30001,FG_GUANCHANG,2000,,HZ_RUYADUANZHUANG,1800,,HZ_CHENGSHU,1400,,,,,,,,1000,0,500006,500007,0,0
30002,FG_SHUMO,2000,,HZ_CAIZIJIAREN,1800,,HZ_JIANYUE,1400,,HZ_RUYADUANZHUANG,1200,,,,,4800,3500,450001,0,0,0
30003,FG_JIANGHU,2000,,HZ_JIANYUE,1800,,FG_XIUXIAN,1400,,HZ_YONGMENGYINGZI,1200,,,,,5000,3500,450002,0,0,0
30004,FG_ZOUYUE,2000,,HZ_RUYADUANZHUANG,1800,,HZ_CHENGSHU,1400,,FG_SHENGDIAN,1200,,WQ_QIN,1000,True,5000,3500,450003,0,0,0
30005,FG_ZHENGZHAN,2000,,HZ_YONGMENGYINGZI,1800,,HZ_CHENGSHU,1400,,,,,,,,5500,3800,450004,0,0,0
30006,FG_GUANCHANG,2500,,FG_WUYI,2000,,HZ_CHENGSHU,1800,,HZ_FENGLIUWUMEI,1200,,HZ_CAIZIJIAREN,1000,,7000,6000,450005,0,0,0
